age,income,credit_score,education,employment_status,years_employed,account_balance,num_credit_cards,debt_ratio,marital_status,state,customer_since
49.0,97490.0,,Bachelor,Unemployed,0.0,33550.0,5.0,0.261,Divorced,IL,2024-06-18 12:53:24.213453
40.0,76870.0,689.0,PhD,Full-time,13.2,19703.0,4.0,0.245,Married,Other,2023-07-31 12:53:24.213453
52.0,81894.0,710.0,Some College,Full-time,22.5,43607.0,2.0,0.196,Married,CA,2023-04-13 12:53:24.213453
65.0,90796.0,773.0,Master,Retired,0.0,57112.0,5.0,0.159,Single,Other,2023-08-08 12:53:24.213453
38.0,70473.0,624.0,Some College,Full-time,10.4,27887.0,4.0,0.288,Married,Other,2022-05-21 12:53:24.213453
38.0,65902.0,682.0,Some College,Retired,0.0,15536.0,3.0,0.269,Divorced,Other,2023-07-11 12:53:24.213453
66.0,115428.0,809.0,High School,Part-time,34.1,52517.0,5.0,0.093,Married,Other,2022-07-26 12:53:24.213453
54.0,93528.0,727.0,High School,Part-time,27.3,31874.0,4.0,0.194,Married,Other,2023-12-05 12:53:24.213453
35.0,71243.0,692.0,Bachelor,Full-time,10.8,,2.0,0.235,Married,CA,2023-10-16 12:53:24.213453
50.0,69971.0,744.0,Some College,Part-time,20.4,,4.0,0.241,Single,IL,2024-08-31 12:53:24.213453
35.0,75261.0,628.0,High School,Full-time,10.4,,5.0,0.278,Married,TX,2023-05-18 12:53:24.213453
35.0,58464.0,637.0,Bachelor,Full-time,12.0,29877.0,2.0,0.321,Married,Other,2024-10-20 12:53:24.213453
46.0,103129.0,714.0,Some College,Full-time,18.8,37884.0,4.0,,Married,Other,2024-06-27 12:53:24.213453
18.0,,542.0,Bachelor,Unemployed,0.0,,1.0,0.465,Married,Other,2022-07-19 12:53:24.213453
18.0,56039.0,631.0,Some College,Unemployed,0.0,35249.0,1.0,0.327,Single,Other,2024-11-09 12:53:24.213453
34.0,56969.0,649.0,Bachelor,Full-time,11.4,13112.0,2.0,0.329,Married,NC,2022-03-27 12:53:24.213453
27.0,33729.0,603.0,Bachelor,Part-time,3.1,7247.0,1.0,0.399,Divorced,TX,2022-12-21 12:53:24.213453
47.0,66242.0,643.0,Some College,Full-time,17.8,14400.0,2.0,0.308,Divorced,NY,2023-11-19 12:53:24.213453
28.0,40195.0,639.0,Some College,Full-time,3.6,11905.0,2.0,0.365,Married,TX,2024-09-13 12:53:24.213453
21.0,40862.0,563.0,Some College,Full-time,0.0,22439.0,1.0,0.382,Single,Other,2022-10-17 12:53:24.213453
64.0,,797.0,Bachelor,Full-time,34.7,75877.0,7.0,0.197,Married,TX,2023-11-02 12:53:24.213453
39.0,52894.0,674.0,Some College,Full-time,9.3,25476.0,3.0,,Married,Other,2023-08-15 12:53:24.213453
43.0,67135.0,733.0,High School,Full-time,16.8,17858.0,4.0,0.212,Single,Other,2023-01-05 12:53:24.213453
21.0,66634.0,586.0,High School,Full-time,0.0,,3.0,0.3,Single,GA,2023-03-10 12:53:24.213453
34.0,79913.0,587.0,Some College,Full-time,9.0,36094.0,3.0,0.309,Single,TX,2023-07-16 12:53:24.213453
44.0,75545.0,709.0,Some College,Full-time,20.2,40685.0,3.0,0.241,Married,NY,2024-04-04 12:53:24.213453
25.0,41070.0,666.0,Bachelor,Full-time,3.2,16406.0,1.0,0.339,Married,NY,2024-11-29 12:53:24.213453
48.0,76800.0,754.0,High School,Full-time,23.4,10241.0,3.0,,Married,Other,2023-09-16 12:53:24.213453
33.0,61703.0,663.0,Some College,Full-time,8.4,10213.0,3.0,0.312,Single,CA,2023-10-09 12:53:24.213453
38.0,44658.0,640.0,Bachelor,Full-time,14.7,12886.0,1.0,0.306,Married,Other,2023-11-13 12:53:24.213453
33.0,48639.0,668.0,Bachelor,Full-time,12.1,12298.0,2.0,0.373,Single,Other,2024-01-14 12:53:24.213453
70.0,82971.0,760.0,Some College,Full-time,40.0,35539.0,5.0,0.189,Married,TX,2023-01-09 12:53:24.213453
42.0,71988.0,708.0,Some College,Full-time,13.8,14772.0,4.0,0.263,Married,Other,2022-03-17 12:53:24.213453
26.0,51708.0,641.0,Some College,Full-time,2.7,27753.0,3.0,0.303,Married,Other,2024-07-22 12:53:24.213453
54.0,76752.0,767.0,Master,Full-time,24.9,28466.0,4.0,0.169,Married,Other,2022-03-26 12:53:24.213453
24.0,62610.0,713.0,High School,Full-time,2.6,18815.0,3.0,0.243,Single,TX,2024-06-04 12:53:24.213453
45.0,52114.0,695.0,Master,Full-time,19.8,22604.0,2.0,0.292,Married,TX,2023-11-21 12:53:24.213453
18.0,,555.0,Bachelor,Full-time,0.0,9588.0,0.0,0.394,Single,FL,2022-05-21 12:53:24.213453
22.0,39367.0,601.0,Bachelor,Retired,0.0,19355.0,1.0,0.453,Single,IL,2024-12-04 12:53:24.213453
45.0,86206.0,664.0,High School,Retired,0.0,38991.0,3.0,0.247,Single,Other,2022-04-18 12:53:24.213453
53.0,107759.0,742.0,Some College,Full-time,27.7,49558.0,5.0,,Married,Other,2023-06-15 12:53:24.213453
45.0,63617.0,682.0,Some College,Full-time,17.4,13345.0,2.0,,Married,Other,2023-09-10 12:53:24.213453
40.0,79180.0,679.0,High School,Full-time,14.5,32880.0,4.0,0.246,Single,CA,2023-03-24 12:53:24.213453
37.0,57922.0,669.0,Bachelor,Full-time,11.4,22513.0,2.0,0.323,Single,CA,2022-11-01 12:53:24.213453
20.0,30411.0,562.0,PhD,Unemployed,0.0,,1.0,0.381,Married,Other,2025-01-21 12:53:24.213453
31.0,,685.0,Bachelor,Full-time,1.5,20771.0,3.0,0.321,Married,NY,2024-09-29 12:53:24.213453
35.0,65285.0,666.0,Bachelor,Full-time,10.4,34637.0,4.0,0.263,Married,NY,2024-10-17 12:53:24.213453
58.0,66354.0,736.0,High School,Full-time,28.6,30528.0,5.0,,Married,Other,2022-08-12 12:53:24.213453
47.0,95648.0,723.0,Some College,Retired,0.0,38087.0,7.0,0.197,Single,CA,2024-06-03 12:53:24.213453
18.0,50701.0,605.0,High School,Full-time,0.3,10663.0,1.0,0.395,Single,Other,2024-04-08 12:53:24.213453
47.0,64117.0,726.0,Bachelor,Full-time,18.2,16150.0,3.0,0.267,Single,NY,2022-11-27 12:53:24.213453
36.0,62937.0,641.0,Master,Full-time,12.7,,2.0,0.315,Married,Other,2024-09-24 12:53:24.213453
32.0,58410.0,631.0,Bachelor,Full-time,8.7,25181.0,3.0,0.351,Single,Other,2023-08-21 12:53:24.213453
51.0,83410.0,723.0,High School,Full-time,25.7,25096.0,4.0,0.195,Married,TX,2023-12-03 12:53:24.213453
57.0,,707.0,Some College,Full-time,26.7,11955.0,3.0,0.228,Married,Other,2022-06-28 12:53:24.213453
56.0,76926.0,716.0,Bachelor,Unemployed,,17178.0,,,Married,MI,2024-03-09 12:53:24.213453
29.0,46117.0,,Some College,Unemployed,0.0,20057.0,1.0,0.369,Single,Other,2022-06-18 12:53:24.213453
37.0,76091.0,709.0,Bachelor,Part-time,12.9,18241.0,1.0,0.238,Married,TX,2024-06-09 12:53:24.213453
47.0,81654.0,727.0,Bachelor,Full-time,16.9,55451.0,3.0,0.252,Married,Other,2022-11-18 12:53:24.213453
57.0,82941.0,756.0,Bachelor,Full-time,26.9,69832.0,5.0,0.191,Married,PA,2022-12-31 12:53:24.213453
35.0,67075.0,694.0,Some College,Full-time,11.2,22124.0,4.0,0.254,Married,Other,2023-12-30 12:53:24.213453
39.0,20000.0,629.0,Some College,Full-time,15.3,,1.0,0.376,Married,Other,2022-12-03 12:53:24.213453
25.0,57731.0,640.0,High School,Full-time,1.0,24969.0,3.0,0.33,Single,NC,2024-08-12 12:53:24.213453
24.0,20000.0,585.0,Some College,Full-time,0.0,10530.0,1.0,0.401,Single,Other,2024-10-07 12:53:24.213453
54.0,78563.0,745.0,Some College,Full-time,26.6,59779.0,3.0,0.272,Divorced,PA,2024-07-16 12:53:24.213453
62.0,79205.0,744.0,Bachelor,Full-time,29.6,31135.0,2.0,0.323,Single,FL,2024-08-14 12:53:24.213453
41.0,45080.0,591.0,Bachelor,Full-time,11.2,,2.0,0.343,Single,Other,2023-01-09 12:53:24.213453
57.0,105912.0,769.0,High School,Full-time,22.3,,6.0,0.149,Married,Other,2023-11-18 12:53:24.213453
47.0,66484.0,746.0,Some College,Full-time,21.6,41022.0,2.0,0.271,Divorced,OH,2022-10-18 12:53:24.213453
32.0,56198.0,676.0,High School,Full-time,8.3,8836.0,3.0,0.315,Divorced,NC,2022-07-18 12:53:24.213453
47.0,72796.0,739.0,High School,Full-time,19.5,51459.0,4.0,0.225,Married,Other,2023-11-21 12:53:24.213453
65.0,107656.0,836.0,Bachelor,Part-time,37.2,80049.0,5.0,,Married,Other,2022-08-18 12:53:24.213453
41.0,65652.0,687.0,High School,Full-time,16.5,,2.0,0.299,Married,CA,2023-09-04 12:53:24.213453
65.0,81255.0,,Some College,Retired,0.0,14552.0,6.0,0.225,Married,FL,2023-08-19 12:53:24.213453
18.0,44944.0,576.0,High School,Part-time,0.0,16365.0,2.0,0.429,Single,Other,2023-03-01 12:53:24.213453
54.0,76594.0,725.0,Master,Full-time,25.5,18770.0,5.0,0.264,Divorced,Other,2023-01-16 12:53:24.213453
43.0,44151.0,688.0,Bachelor,Full-time,13.6,19631.0,2.0,0.312,Married,Other,2022-02-27 12:53:24.213453
38.0,53578.0,700.0,High School,Full-time,12.3,11818.0,3.0,0.272,Married,NY,2023-10-24 12:53:24.213453
43.0,90011.0,711.0,Bachelor,Full-time,16.3,55607.0,3.0,0.209,Married,Other,2023-02-14 12:53:24.213453
18.0,42753.0,579.0,Bachelor,Full-time,0.0,,1.0,0.388,Single,Other,2023-07-12 12:53:24.213453
39.0,56270.0,669.0,Master,Full-time,13.7,17528.0,2.0,0.267,Married,NY,2024-07-21 12:53:24.213453
47.0,68261.0,723.0,High School,Full-time,21.2,20224.0,2.0,0.252,Married,Other,2024-04-16 12:53:24.213453
64.0,94175.0,739.0,Master,Full-time,35.0,26591.0,5.0,0.265,Single,Other,2022-09-14 12:53:24.213453
34.0,85151.0,,Master,Part-time,13.9,29995.0,3.0,0.38,Single,GA,2022-02-26 12:53:24.213453
30.0,53729.0,,Master,Full-time,5.8,7557.0,2.0,0.343,Married,Other,2022-04-29 12:53:24.213453
34.0,60451.0,622.0,Bachelor,Full-time,7.7,27676.0,2.0,0.283,Married,Other,2023-10-11 12:53:24.213453
56.0,102454.0,751.0,Bachelor,Full-time,27.7,26177.0,5.0,,Married,Other,2022-06-01 12:53:24.213453
47.0,77082.0,710.0,Some College,Full-time,18.4,40358.0,5.0,0.205,Married,Other,2024-06-14 12:53:24.213453
34.0,,635.0,Bachelor,Full-time,12.6,27405.0,2.0,0.323,Single,NC,2022-03-04 12:53:24.213453
50.0,75055.0,765.0,Bachelor,Full-time,,40901.0,,0.231,Single,PA,2023-09-25 12:53:24.213453
43.0,66426.0,701.0,Bachelor,Full-time,15.7,29862.0,4.0,0.291,Divorced,Other,2023-12-27 12:53:24.213453
57.0,87942.0,764.0,Some College,Full-time,27.1,36582.0,6.0,0.249,Divorced,NC,2024-07-06 12:53:24.213453
31.0,60414.0,668.0,Bachelor,Full-time,8.6,36106.0,3.0,0.259,Single,FL,2023-07-09 12:53:24.213453
37.0,59279.0,632.0,Bachelor,Full-time,11.7,26855.0,3.0,0.318,Married,NC,2024-12-13 12:53:24.213453
36.0,67990.0,703.0,High School,Full-time,9.9,30495.0,4.0,0.249,Married,TX,2022-03-05 12:53:24.213453
20.0,31789.0,586.0,Bachelor,Full-time,1.7,,1.0,0.421,Divorced,Other,2022-10-04 12:53:24.213453
46.0,73180.0,727.0,Bachelor,Full-time,17.5,,5.0,0.212,Married,NY,2024-12-08 12:53:24.213453
46.0,42027.0,644.0,Bachelor,Unemployed,0.0,31670.0,2.0,,Single,FL,2024-12-19 12:53:24.213453
42.0,79745.0,655.0,Some College,Full-time,17.3,13395.0,4.0,0.269,Married,Other,2022-03-20 12:53:24.213453
38.0,65197.0,700.0,Some College,Full-time,9.5,35674.0,3.0,0.228,Married,Other,2024-07-30 12:53:24.213453
21.0,49470.0,620.0,Master,Full-time,0.2,10680.0,1.0,0.382,Single,Other,2022-07-29 12:53:24.213453
36.0,20000.0,597.0,Some College,Full-time,9.1,,1.0,0.433,Married,Other,2024-02-07 12:53:24.213453
37.0,,671.0,Bachelor,Unemployed,0.0,19723.0,4.0,,Single,Other,2023-09-12 12:53:24.213453
30.0,45906.0,666.0,Some College,Full-time,4.5,13721.0,1.0,0.313,Divorced,Other,2023-06-10 12:53:24.213453
40.0,79623.0,660.0,Bachelor,Retired,0.0,,3.0,0.264,Single,Other,2023-04-06 12:53:24.213453
48.0,59401.0,749.0,Some College,Full-time,23.0,32977.0,2.0,0.259,Divorced,Other,2024-12-24 12:53:24.213453
70.0,117192.0,796.0,Bachelor,Retired,0.0,56208.0,6.0,,Married,TX,2023-01-29 12:53:24.213453
45.0,54699.0,705.0,Some College,Full-time,18.9,41670.0,2.0,0.344,Married,Other,2022-12-06 12:53:24.213453
46.0,62643.0,687.0,High School,Part-time,18.7,33868.0,2.0,0.335,Divorced,PA,2024-10-08 12:53:24.213453
41.0,93210.0,730.0,Some College,Full-time,14.0,15798.0,5.0,,Divorced,MI,2022-09-14 12:53:24.213453
18.0,27140.0,561.0,High School,Full-time,0.0,16545.0,1.0,,Single,TX,2022-02-09 12:53:24.213453
42.0,69261.0,686.0,PhD,Full-time,14.6,17269.0,3.0,0.253,Single,MI,2022-03-19 12:53:24.213453
43.0,80551.0,,Master,Full-time,14.7,33406.0,3.0,0.281,Married,Other,2022-08-22 12:53:24.213453
79.0,128935.0,832.0,Some College,Retired,0.0,26287.0,8.0,,Married,Other,2024-10-15 12:53:24.213453
39.0,63756.0,699.0,Bachelor,Full-time,12.0,44180.0,3.0,,Married,Other,2024-07-12 12:53:24.213453
47.0,78974.0,701.0,Some College,Full-time,18.1,19690.0,4.0,0.28,Married,Other,2022-07-06 12:53:24.213453
41.0,100551.0,713.0,Bachelor,Full-time,12.3,27447.0,4.0,,Single,IL,2024-06-03 12:53:24.213453
24.0,38136.0,576.0,Bachelor,Full-time,0.6,24398.0,2.0,0.426,Single,Other,2022-02-25 12:53:24.213453
59.0,94516.0,691.0,Master,Retired,0.0,28958.0,4.0,,Married,GA,2023-03-27 12:53:24.213453
53.0,98260.0,748.0,Some College,Full-time,25.3,64353.0,4.0,,Single,Other,2024-03-01 12:53:24.213453
54.0,100583.0,831.0,Bachelor,Full-time,27.5,36682.0,8.0,0.126,Married,FL,2024-03-14 12:53:24.213453
28.0,,666.0,Some College,Part-time,5.9,19314.0,3.0,0.258,Married,NC,2022-10-21 12:53:24.213453
63.0,107081.0,792.0,PhD,Full-time,32.4,16456.0,6.0,0.208,Married,Other,2023-09-10 12:53:24.213453
21.0,20000.0,571.0,High School,Full-time,,10904.0,,0.464,Single,Other,2024-09-14 12:53:24.213453
51.0,104001.0,754.0,Bachelor,Full-time,24.2,74724.0,4.0,0.189,Married,Other,2023-05-15 12:53:24.213453
75.0,98305.0,836.0,Bachelor,Part-time,40.0,40105.0,5.0,0.152,Married,Other,2022-10-11 12:53:24.213453
27.0,48040.0,590.0,Bachelor,Full-time,4.3,34598.0,2.0,0.351,Married,TX,2024-02-09 12:53:24.213453
34.0,42686.0,674.0,High School,Unemployed,0.0,11060.0,2.0,,Married,Other,2022-05-28 12:53:24.213453
43.0,66538.0,713.0,Master,Full-time,14.8,30914.0,4.0,0.239,Married,Other,2023-08-03 12:53:24.213453
34.0,58931.0,678.0,High School,Full-time,6.7,17541.0,3.0,0.263,Single,CA,2024-07-29 12:53:24.213453
19.0,36320.0,,Bachelor,Unemployed,0.0,24191.0,2.0,0.428,Single,CA,2024-06-18 12:53:24.213453
43.0,73829.0,699.0,High School,Full-time,18.0,23086.0,4.0,0.29,Divorced,CA,2024-04-17 12:53:24.213453
26.0,66206.0,660.0,Some College,Full-time,4.4,27657.0,2.0,0.338,Single,Other,2024-04-30 12:53:24.213453
49.0,83303.0,744.0,Bachelor,Full-time,21.3,46162.0,4.0,0.286,Divorced,TX,2023-08-17 12:53:24.213453
28.0,,611.0,Some College,Unemployed,0.0,,2.0,0.338,Married,GA,2023-03-20 12:53:24.213453
65.0,,789.0,High School,Retired,0.0,81584.0,7.0,0.148,Married,IL,2024-06-28 12:53:24.213453
30.0,65842.0,655.0,High School,Full-time,8.3,10144.0,3.0,0.291,Single,Other,2024-10-19 12:53:24.213453
37.0,40086.0,694.0,Some College,Full-time,11.9,22400.0,2.0,0.352,Married,Other,2022-01-31 12:53:24.213453
54.0,92961.0,714.0,Bachelor,Full-time,24.4,35297.0,5.0,0.199,Divorced,Other,2022-07-16 12:53:24.213453
24.0,49518.0,573.0,Master,Full-time,2.8,,2.0,0.41,Single,MI,2022-02-15 12:53:24.213453
45.0,66037.0,702.0,High School,Full-time,19.2,28147.0,4.0,,Single,GA,2023-11-18 12:53:24.213453
62.0,116636.0,800.0,Some College,Full-time,32.7,24170.0,6.0,,Married,PA,2022-05-22 12:53:24.213453
18.0,,583.0,High School,Part-time,0.0,,1.0,0.361,Single,Other,2023-09-16 12:53:24.213453
45.0,72384.0,711.0,High School,Unemployed,0.0,19113.0,4.0,0.246,Married,NY,2023-06-21 12:53:24.213453
46.0,69404.0,697.0,Bachelor,Full-time,24.0,13416.0,3.0,0.335,Married,FL,2023-12-02 12:53:24.213453
54.0,84234.0,787.0,Bachelor,Full-time,28.0,44576.0,5.0,0.217,Divorced,Other,2024-12-29 12:53:24.213453
23.0,21056.0,538.0,High School,Full-time,2.2,,1.0,0.493,Single,IL,2024-02-28 12:53:24.213453
22.0,20000.0,557.0,High School,Full-time,0.2,11814.0,1.0,0.391,Single,Other,2023-06-11 12:53:24.213453
50.0,101918.0,745.0,High School,Full-time,24.4,34015.0,5.0,,Married,NY,2024-09-21 12:53:24.213453
46.0,59296.0,644.0,Bachelor,Full-time,20.2,40758.0,1.0,0.31,Married,Other,2022-11-07 12:53:24.213453
46.0,57129.0,686.0,PhD,Full-time,19.3,21340.0,2.0,0.315,Married,CA,2023-01-16 12:53:24.213453
47.0,41199.0,728.0,High School,Full-time,19.4,26112.0,3.0,0.333,Divorced,PA,2022-12-30 12:53:24.213453
32.0,41416.0,634.0,High School,Full-time,7.8,24757.0,2.0,0.344,Married,IL,2024-03-01 12:53:24.213453
45.0,,689.0,Master,Full-time,12.1,15013.0,3.0,0.309,Single,Other,2024-01-28 12:53:24.213453
46.0,96630.0,693.0,Master,Full-time,19.6,29664.0,3.0,0.176,Divorced,Other,2024-05-02 12:53:24.213453
31.0,64647.0,635.0,Some College,Full-time,6.2,26459.0,3.0,0.316,Single,GA,2022-02-13 12:53:24.213453
70.0,97678.0,,High School,Full-time,40.0,72915.0,7.0,,Single,Other,2025-01-14 12:53:24.213453
49.0,110287.0,744.0,High School,Full-time,21.6,,5.0,,Married,Other,2023-01-07 12:53:24.213453
24.0,53726.0,660.0,Bachelor,Full-time,0.0,23011.0,2.0,0.316,Married,Other,2022-08-17 12:53:24.213453
52.0,76128.0,745.0,Some College,Full-time,23.9,32928.0,4.0,,Married,Other,2023-12-09 12:53:24.213453
27.0,20000.0,,High School,Full-time,1.9,6286.0,1.0,0.414,Single,CA,2023-11-19 12:53:24.213453
54.0,118364.0,784.0,Bachelor,Full-time,26.5,79654.0,7.0,0.132,Married,Other,2022-04-18 12:53:24.213453
59.0,70656.0,,High School,Full-time,30.2,21564.0,2.0,0.216,Married,MI,2022-05-22 12:53:24.213453
30.0,23319.0,644.0,Bachelor,Full-time,8.3,10293.0,1.0,0.361,Single,CA,2023-07-19 12:53:24.213453
56.0,,814.0,Some College,Retired,0.0,48064.0,4.0,,Single,FL,2024-10-18 12:53:24.213453
48.0,111596.0,721.0,High School,Full-time,,60903.0,,0.146,Married,Other,2024-03-30 12:53:24.213453
54.0,104764.0,738.0,Bachelor,Retired,0.0,45030.0,5.0,,Divorced,Other,2023-07-14 12:53:24.213453
70.0,116459.0,785.0,Some College,Retired,0.0,31410.0,6.0,0.129,Married,Other,2022-05-10 12:53:24.213453
38.0,68921.0,672.0,PhD,Full-time,13.8,45722.0,3.0,0.27,Single,Other,2024-09-29 12:53:24.213453
31.0,62301.0,665.0,Bachelor,Part-time,8.2,6865.0,3.0,0.301,Married,Other,2024-11-10 12:53:24.213453
29.0,57884.0,671.0,Some College,Full-time,5.6,20245.0,3.0,0.29,Married,CA,2022-06-04 12:53:24.213453
30.0,52218.0,636.0,Bachelor,Full-time,7.2,19946.0,3.0,0.327,Divorced,NY,2024-11-10 12:53:24.213453
41.0,66063.0,675.0,Some College,Full-time,18.4,33202.0,2.0,0.309,Single,CA,2023-07-03 12:53:24.213453
47.0,72561.0,714.0,Master,Full-time,19.4,21433.0,4.0,0.249,Single,CA,2022-02-22 12:53:24.213453
46.0,,670.0,Some College,Full-time,19.5,30305.0,3.0,0.293,Married,FL,2022-07-11 12:53:24.213453
54.0,79790.0,800.0,Bachelor,Full-time,23.4,33591.0,1.0,0.234,Married,NC,2023-10-21 12:53:24.213453
42.0,40606.0,614.0,High School,Full-time,14.3,,1.0,0.333,Married,Other,2023-06-20 12:53:24.213453
64.0,97525.0,791.0,Some College,Full-time,33.8,53526.0,3.0,0.147,Married,Other,2024-06-30 12:53:24.213453
38.0,45171.0,716.0,Bachelor,Retired,0.0,21619.0,2.0,,Single,Other,2024-12-10 12:53:24.213453
83.0,110946.0,850.0,Bachelor,Part-time,40.0,62694.0,7.0,0.164,Married,Other,2023-05-28 12:53:24.213453
51.0,82198.0,725.0,High School,Full-time,22.7,36618.0,4.0,0.231,Married,NC,2022-12-05 12:53:24.213453
29.0,67380.0,640.0,High School,Full-time,4.8,17826.0,3.0,0.292,Single,Other,2024-06-22 12:53:24.213453
26.0,55775.0,624.0,Bachelor,Full-time,2.1,13199.0,2.0,0.292,Married,GA,2022-08-21 12:53:24.213453
49.0,52942.0,737.0,Master,Full-time,22.2,24733.0,3.0,0.26,Married,FL,2023-11-01 12:53:24.213453
39.0,46656.0,593.0,High School,Full-time,10.6,11508.0,2.0,0.389,Married,Other,2022-06-21 12:53:24.213453
53.0,96612.0,798.0,Some College,Full-time,27.4,13487.0,6.0,,Married,PA,2024-10-30 12:53:24.213453
49.0,61763.0,662.0,Some College,Full-time,20.3,43036.0,2.0,0.313,Married,NC,2023-10-07 12:53:24.213453
41.0,61131.0,672.0,Master,Full-time,16.6,,2.0,0.349,Single,NY,2022-05-17 12:53:24.213453
29.0,54751.0,625.0,High School,Retired,0.0,13432.0,2.0,0.326,Married,Other,2023-07-13 12:53:24.213453
19.0,20000.0,591.0,High School,Full-time,0.0,6304.0,1.0,0.403,Married,Other,2023-08-29 12:53:24.213453
35.0,57081.0,610.0,Bachelor,Full-time,11.7,15305.0,2.0,0.296,Married,CA,2024-09-25 12:53:24.213453
55.0,65490.0,740.0,High School,Full-time,27.2,30037.0,4.0,0.258,Single,Other,2023-12-19 12:53:24.213453
45.0,61479.0,753.0,Some College,Full-time,16.4,16057.0,3.0,0.271,Divorced,CA,2022-11-17 12:53:24.213453
23.0,,566.0,Some College,Part-time,1.3,12608.0,1.0,0.353,Single,IL,2024-04-14 12:53:24.213453
45.0,46605.0,683.0,Some College,Full-time,16.0,24378.0,2.0,0.274,Single,TX,2023-11-29 12:53:24.213453
48.0,81607.0,702.0,Some College,Full-time,20.3,16459.0,3.0,0.245,Married,Other,2023-02-19 12:53:24.213453
29.0,46205.0,642.0,Bachelor,Full-time,7.7,18666.0,2.0,,Married,CA,2025-01-11 12:53:24.213453
44.0,77287.0,706.0,High School,Full-time,19.2,14932.0,3.0,0.294,Married,Other,2024-01-01 12:53:24.213453
43.0,70859.0,677.0,Bachelor,Full-time,16.8,16841.0,3.0,0.238,Married,NY,2022-02-12 12:53:24.213453
25.0,60962.0,647.0,Bachelor,Full-time,0.5,11026.0,2.0,0.36,Single,TX,2024-09-16 12:53:24.213453
47.0,,767.0,Bachelor,Part-time,21.3,27415.0,5.0,0.225,Single,Other,2022-07-09 12:53:24.213453
50.0,71559.0,712.0,High School,Full-time,22.4,28624.0,4.0,0.255,Married,FL,2023-08-18 12:53:24.213453
58.0,91834.0,783.0,High School,Part-time,24.2,11753.0,3.0,,Married,FL,2022-02-07 12:53:24.213453
58.0,98149.0,729.0,Some College,Full-time,30.4,34393.0,6.0,,Married,FL,2022-04-12 12:53:24.213453
21.0,35233.0,566.0,Some College,Part-time,0.0,6307.0,1.0,0.389,Single,Other,2024-07-10 12:53:24.213453
28.0,45609.0,640.0,Some College,Full-time,7.2,34385.0,2.0,,Single,Other,2022-05-08 12:53:24.213453
50.0,67470.0,758.0,Bachelor,Full-time,20.2,37176.0,4.0,0.236,Married,CA,2022-04-27 12:53:24.213453
50.0,68056.0,725.0,High School,Full-time,16.0,29400.0,3.0,0.223,Married,FL,2022-05-11 12:53:24.213453
50.0,56961.0,694.0,High School,Full-time,23.0,31911.0,3.0,0.306,Married,OH,2022-11-07 12:53:24.213453
85.0,156744.0,850.0,Some College,Retired,0.0,50375.0,8.0,0.05,Married,NY,2024-07-01 12:53:24.213453
51.0,60842.0,672.0,Bachelor,Full-time,19.8,31622.0,3.0,0.274,Single,Other,2024-02-18 12:53:24.213453
59.0,81106.0,772.0,High School,Full-time,27.6,19654.0,4.0,0.185,Married,Other,2022-08-14 12:53:24.213453
56.0,76224.0,767.0,Bachelor,Full-time,32.7,27154.0,3.0,0.241,Single,Other,2023-02-25 12:53:24.213453
52.0,94424.0,733.0,Some College,Full-time,23.4,21488.0,6.0,0.201,Married,IL,2023-10-01 12:53:24.213453
37.0,54076.0,647.0,Master,Full-time,13.5,46152.0,2.0,0.31,Married,Other,2023-04-25 12:53:24.213453
53.0,101216.0,764.0,Master,Full-time,23.5,13994.0,5.0,0.159,Married,Other,2022-05-31 12:53:24.213453
30.0,37898.0,611.0,Some College,Full-time,2.2,,1.0,0.337,Married,Other,2022-12-28 12:53:24.213453
38.0,64185.0,,High School,Part-time,12.5,15871.0,3.0,0.326,Married,Other,2025-01-10 12:53:24.213453
35.0,42970.0,707.0,Some College,Full-time,9.9,26741.0,2.0,0.313,Married,Other,2022-12-14 12:53:24.213453
43.0,99677.0,717.0,High School,Full-time,16.0,33958.0,4.0,0.206,Single,Other,2023-12-06 12:53:24.213453
77.0,100686.0,817.0,Bachelor,Retired,0.0,26490.0,3.0,,Divorced,NY,2024-01-02 12:53:24.213453
18.0,34647.0,565.0,Bachelor,Part-time,0.0,17104.0,1.0,0.46,Single,Other,2023-12-24 12:53:24.213453
52.0,90507.0,765.0,Bachelor,Unemployed,0.0,75246.0,5.0,0.195,Married,TX,2024-11-12 12:53:24.213453
18.0,36207.0,581.0,Bachelor,Full-time,0.0,10791.0,1.0,0.371,Single,Other,2022-02-20 12:53:24.213453
35.0,52721.0,634.0,Some College,Full-time,11.4,27640.0,3.0,0.336,Married,Other,2023-03-05 12:53:24.213453
58.0,88053.0,798.0,High School,Full-time,24.9,48705.0,5.0,,Married,Other,2022-08-20 12:53:24.213453
43.0,68157.0,736.0,Bachelor,Full-time,12.7,17814.0,4.0,0.238,Single,GA,2023-05-11 12:53:24.213453
26.0,39795.0,596.0,Some College,Full-time,4.7,7324.0,1.0,0.396,Married,TX,2024-07-14 12:53:24.213453
31.0,63958.0,597.0,Bachelor,Full-time,8.2,,2.0,0.305,Single,CA,2022-12-06 12:53:24.213453
52.0,114158.0,796.0,Some College,Full-time,23.9,51240.0,6.0,0.184,Single,Other,2023-06-18 12:53:24.213453
31.0,,610.0,High School,Full-time,4.4,,2.0,0.336,Single,Other,2022-02-25 12:53:24.213453
45.0,49953.0,705.0,PhD,Full-time,17.0,15940.0,2.0,0.326,Married,Other,2022-04-06 12:53:24.213453
43.0,66176.0,632.0,High School,Full-time,16.3,,2.0,0.291,Single,TX,2022-10-20 12:53:24.213453
32.0,89696.0,708.0,PhD,Full-time,4.8,22114.0,3.0,0.291,Married,Other,2023-05-17 12:53:24.213453
74.0,101945.0,784.0,PhD,Retired,0.0,44966.0,6.0,,Single,Other,2022-07-16 12:53:24.213453
52.0,105587.0,780.0,Bachelor,Retired,0.0,34488.0,6.0,,Married,OH,2024-04-09 12:53:24.213453
18.0,55166.0,606.0,Bachelor,Part-time,0.0,,2.0,,Married,Other,2023-01-08 12:53:24.213453
45.0,62196.0,665.0,Bachelor,Unemployed,0.0,6922.0,3.0,0.312,Married,Other,2024-01-18 12:53:24.213453
32.0,59535.0,639.0,Master,Full-time,9.5,16648.0,2.0,0.347,Single,Other,2023-03-19 12:53:24.213453
55.0,109926.0,792.0,Some College,Full-time,22.6,67988.0,7.0,,Married,Other,2024-11-21 12:53:24.213453
30.0,42313.0,631.0,Some College,Full-time,7.7,25131.0,1.0,0.337,Divorced,CA,2023-12-18 12:53:24.213453
40.0,59946.0,693.0,Bachelor,Full-time,12.8,34042.0,3.0,0.369,Single,Other,2024-04-06 12:53:24.213453
50.0,69275.0,775.0,Some College,Full-time,23.0,,3.0,0.276,Married,Other,2023-05-28 12:53:24.213453
55.0,70279.0,684.0,Some College,Full-time,25.9,26655.0,3.0,0.306,Married,Other,2024-12-21 12:53:24.213453
24.0,29261.0,646.0,Some College,Full-time,4.2,16378.0,2.0,,Single,Other,2022-02-14 12:53:24.213453
37.0,40141.0,650.0,Bachelor,Full-time,10.3,10744.0,2.0,0.314,Married,Other,2022-02-16 12:53:24.213453
35.0,,630.0,Master,Full-time,11.7,33063.0,3.0,0.283,Divorced,NC,2023-07-18 12:53:24.213453
32.0,39450.0,592.0,High School,Full-time,7.4,11462.0,1.0,0.343,Divorced,Other,2022-04-21 12:53:24.213453
68.0,108507.0,803.0,Master,Full-time,36.5,,7.0,,Married,OH,2023-11-17 12:53:24.213453
48.0,51662.0,719.0,Bachelor,Full-time,20.4,25016.0,3.0,0.281,Single,OH,2023-04-11 12:53:24.213453
23.0,42463.0,604.0,Bachelor,Full-time,0.0,,2.0,0.351,Married,FL,2024-11-27 12:53:24.213453
56.0,99503.0,809.0,Bachelor,Full-time,27.2,12694.0,5.0,0.194,Married,Other,2024-11-14 12:53:24.213453
74.0,84094.0,,Bachelor,Retired,0.0,56369.0,5.0,0.227,Single,Other,2023-12-10 12:53:24.213453
57.0,94111.0,761.0,High School,Full-time,28.5,43564.0,4.0,0.243,Married,FL,2024-03-20 12:53:24.213453
19.0,49915.0,565.0,Bachelor,Full-time,0.0,18567.0,2.0,0.353,Single,CA,2022-08-04 12:53:24.213453
35.0,37355.0,,High School,Full-time,12.0,15712.0,1.0,0.373,Married,Other,2023-03-28 12:53:24.213453
61.0,119589.0,825.0,Master,Full-time,33.0,20149.0,7.0,0.161,Divorced,Other,2023-05-11 12:53:24.213453
31.0,,632.0,PhD,Full-time,5.1,13678.0,2.0,0.384,Single,Other,2022-04-23 12:53:24.213453
49.0,65925.0,631.0,Some College,Unemployed,0.0,38834.0,2.0,0.257,Single,FL,2023-08-20 12:53:24.213453
54.0,83163.0,747.0,High School,Unemployed,0.0,55786.0,5.0,0.19,Married,CA,2023-11-04 12:53:24.213453
28.0,53375.0,646.0,Bachelor,Full-time,6.0,11855.0,2.0,0.282,Married,NC,2022-12-21 12:53:24.213453
41.0,65640.0,697.0,Some College,Full-time,16.4,27563.0,3.0,0.281,Single,CA,2022-03-22 12:53:24.213453
18.0,38081.0,625.0,Master,Part-time,0.0,14718.0,2.0,0.386,Single,FL,2024-12-16 12:53:24.213453
27.0,29690.0,575.0,High School,Full-time,4.2,,1.0,,Married,TX,2023-12-08 12:53:24.213453
38.0,62540.0,693.0,High School,Full-time,11.9,19454.0,4.0,0.318,Married,FL,2024-10-07 12:53:24.213453
23.0,20000.0,621.0,PhD,Full-time,0.0,10232.0,1.0,0.395,Single,CA,2024-04-02 12:53:24.213453
66.0,100332.0,,Bachelor,Retired,0.0,55098.0,3.0,0.158,Married,Other,2025-01-20 12:53:24.213453
21.0,,590.0,Bachelor,Full-time,0.0,7705.0,1.0,0.417,Single,NY,2023-11-18 12:53:24.213453
35.0,44467.0,630.0,Some College,Full-time,8.8,23019.0,2.0,0.309,Married,OH,2022-05-27 12:53:24.213453
44.0,87541.0,713.0,Bachelor,Full-time,17.8,21895.0,5.0,0.244,Married,Other,2024-11-23 12:53:24.213453
64.0,115370.0,814.0,Bachelor,Full-time,35.0,65972.0,6.0,0.18,Single,Other,2025-01-24 12:53:24.213453
20.0,42137.0,584.0,Bachelor,Full-time,0.0,7955.0,1.0,,Single,Other,2025-01-18 12:53:24.213453
59.0,,728.0,Bachelor,Retired,0.0,42655.0,4.0,0.265,Single,Other,2024-07-23 12:53:24.213453
42.0,61254.0,684.0,Bachelor,Full-time,17.1,34847.0,3.0,0.32,Single,Other,2023-06-16 12:53:24.213453
27.0,61696.0,606.0,Some College,Full-time,0.0,,3.0,,Single,Other,2024-04-08 12:53:24.213453
49.0,78626.0,,Some College,Full-time,20.5,28626.0,4.0,0.279,Married,Other,2024-06-05 12:53:24.213453
45.0,105290.0,757.0,Bachelor,Full-time,17.3,29892.0,4.0,,Single,Other,2022-04-09 12:53:24.213453
33.0,58400.0,619.0,High School,Full-time,9.8,,3.0,0.319,Single,MI,2023-11-25 12:53:24.213453
43.0,70381.0,715.0,Bachelor,Full-time,11.6,11234.0,3.0,0.276,Single,NY,2024-04-01 12:53:24.213453
36.0,52363.0,670.0,High School,Full-time,16.3,14747.0,3.0,0.307,Married,Other,2022-09-08 12:53:24.213453
44.0,71003.0,647.0,Bachelor,Full-time,18.7,33696.0,3.0,0.29,Married,MI,2024-11-05 12:53:24.213453
52.0,78713.0,710.0,Bachelor,Full-time,24.3,22933.0,4.0,0.226,Single,Other,2022-09-10 12:53:24.213453
66.0,112622.0,842.0,High School,Full-time,37.6,35154.0,5.0,0.147,Single,CA,2023-12-08 12:53:24.213453
23.0,51851.0,,High School,Full-time,5.5,,2.0,0.364,Single,PA,2022-08-29 12:53:24.213453
74.0,102210.0,,High School,Retired,0.0,38583.0,4.0,,Married,Other,2024-08-18 12:53:24.213453
18.0,20000.0,584.0,Bachelor,Full-time,0.0,3717.0,1.0,0.39,Single,FL,2024-07-04 12:53:24.213453
40.0,35457.0,675.0,Bachelor,Full-time,14.7,11831.0,1.0,0.327,Divorced,Other,2024-06-30 12:53:24.213453
51.0,87120.0,729.0,High School,Full-time,22.9,37629.0,5.0,0.22,Single,Other,2022-10-19 12:53:24.213453
46.0,55450.0,672.0,Bachelor,Full-time,18.2,,3.0,0.336,Divorced,Other,2023-07-02 12:53:24.213453
33.0,20207.0,658.0,Some College,Full-time,7.1,12943.0,1.0,0.378,Single,Other,2024-04-07 12:53:24.213453
39.0,67329.0,,Some College,Full-time,12.2,31139.0,3.0,0.318,Divorced,Other,2025-01-21 12:53:24.213453
35.0,,723.0,Master,Full-time,7.7,,3.0,0.177,Married,Other,2023-07-24 12:53:24.213453
33.0,52409.0,650.0,Some College,Full-time,8.6,40934.0,2.0,0.329,Married,Other,2023-03-23 12:53:24.213453
55.0,98077.0,735.0,Some College,Full-time,23.0,46675.0,6.0,0.244,Married,Other,2022-03-24 12:53:24.213453
47.0,74727.0,687.0,High School,Full-time,20.4,23315.0,3.0,0.329,Married,Other,2022-03-09 12:53:24.213453
32.0,49517.0,657.0,High School,Full-time,7.9,16757.0,2.0,0.318,Married,Other,2022-12-04 12:53:24.213453
55.0,,773.0,Some College,Full-time,26.7,44246.0,7.0,0.13,Married,Other,2024-05-25 12:53:24.213453
47.0,69146.0,748.0,High School,Full-time,19.0,16354.0,4.0,0.242,Divorced,CA,2024-07-16 12:53:24.213453
54.0,88011.0,766.0,Bachelor,Full-time,31.8,19507.0,5.0,0.161,Married,TX,2022-03-24 12:53:24.213453
51.0,84325.0,688.0,Some College,Full-time,25.9,30365.0,2.0,0.239,Married,GA,2023-09-28 12:53:24.213453
30.0,37979.0,656.0,Bachelor,Full-time,3.9,29825.0,1.0,0.355,Single,PA,2023-04-27 12:53:24.213453
34.0,68881.0,637.0,High School,Full-time,10.1,34692.0,3.0,0.276,Divorced,Other,2023-05-06 12:53:24.213453
53.0,79876.0,723.0,Some College,Full-time,23.6,18041.0,2.0,0.247,Married,TX,2024-03-15 12:53:24.213453
51.0,68164.0,725.0,Bachelor,Full-time,21.2,7748.0,2.0,0.273,Married,Other,2023-03-01 12:53:24.213453
42.0,74048.0,756.0,Master,Full-time,13.3,16071.0,3.0,0.239,Married,NY,2024-12-26 12:53:24.213453
44.0,55523.0,777.0,High School,Full-time,18.5,24030.0,3.0,0.272,Married,OH,2024-11-27 12:53:24.213453
61.0,94923.0,792.0,Master,Full-time,29.8,29196.0,6.0,0.166,Divorced,FL,2023-11-08 12:53:24.213453
33.0,52363.0,642.0,Bachelor,Retired,0.0,29295.0,2.0,0.325,Single,Other,2022-10-20 12:53:24.213453
50.0,94288.0,756.0,Bachelor,Retired,0.0,22770.0,5.0,0.179,Married,CA,2023-10-24 12:53:24.213453
39.0,68620.0,708.0,Bachelor,Part-time,16.3,24297.0,3.0,0.265,Single,TX,2023-07-14 12:53:24.213453
39.0,61125.0,665.0,High School,Full-time,11.9,37089.0,3.0,0.271,Married,Other,2022-11-27 12:53:24.213453
58.0,102266.0,826.0,High School,Full-time,29.8,24309.0,6.0,,Single,TX,2023-05-30 12:53:24.213453
54.0,104853.0,770.0,Bachelor,Full-time,26.9,29329.0,7.0,0.166,Single,FL,2022-05-02 12:53:24.213453
54.0,,765.0,Some College,Full-time,24.7,31998.0,4.0,,Married,Other,2022-12-11 12:53:24.213453
62.0,96155.0,,Master,Full-time,30.5,40060.0,5.0,0.137,Married,CA,2024-09-01 12:53:24.213453
42.0,46322.0,681.0,Some College,Full-time,19.2,16838.0,3.0,0.281,Married,OH,2022-09-25 12:53:24.213453
52.0,65023.0,742.0,High School,Full-time,24.5,10554.0,2.0,0.249,Single,CA,2022-04-23 12:53:24.213453
37.0,53922.0,,Bachelor,Full-time,13.3,12635.0,3.0,0.315,Divorced,IL,2023-11-30 12:53:24.213453
47.0,64357.0,685.0,Some College,Full-time,18.4,20584.0,4.0,0.336,Divorced,Other,2022-07-27 12:53:24.213453
40.0,60195.0,643.0,Bachelor,Unemployed,,18459.0,,0.286,Married,CA,2022-10-07 12:53:24.213453
43.0,68350.0,707.0,Bachelor,Full-time,15.7,40200.0,4.0,0.247,Married,Other,2024-03-05 12:53:24.213453
51.0,87445.0,760.0,Master,Full-time,23.0,59101.0,4.0,0.157,Married,Other,2023-11-28 12:53:24.213453
30.0,46943.0,647.0,Bachelor,Unemployed,0.0,28629.0,2.0,0.348,Single,CA,2024-07-21 12:53:24.213453
73.0,,850.0,Bachelor,Retired,0.0,26728.0,8.0,0.056,Married,Other,2022-05-01 12:53:24.213453
27.0,44467.0,621.0,Bachelor,Full-time,0.6,,2.0,0.368,Married,NY,2023-01-04 12:53:24.213453
24.0,20000.0,608.0,Master,Full-time,0.0,8000.0,1.0,0.405,Single,CA,2022-07-18 12:53:24.213453
59.0,77410.0,718.0,Some College,Full-time,30.9,23458.0,3.0,0.264,Married,CA,2023-08-31 12:53:24.213453
54.0,,728.0,High School,Part-time,26.8,29546.0,4.0,0.261,Married,PA,2024-03-20 12:53:24.213453
51.0,61355.0,731.0,Some College,Full-time,22.4,27558.0,3.0,0.245,Married,Other,2022-07-19 12:53:24.213453
51.0,88499.0,763.0,High School,Full-time,,57065.0,,0.2,Married,NY,2023-01-27 12:53:24.213453
42.0,,702.0,Bachelor,Full-time,13.9,45417.0,6.0,0.204,Single,Other,2022-10-01 12:53:24.213453
29.0,64781.0,646.0,Bachelor,Full-time,4.9,8201.0,2.0,0.361,Married,Other,2022-06-17 12:53:24.213453
43.0,64298.0,644.0,Bachelor,Retired,0.0,44020.0,3.0,0.316,Married,IL,2024-12-17 12:53:24.213453
32.0,73361.0,655.0,High School,Full-time,9.9,10871.0,4.0,0.258,Married,Other,2023-07-03 12:53:24.213453
57.0,90730.0,784.0,Bachelor,Full-time,27.0,41917.0,5.0,,Married,Other,2022-12-29 12:53:24.213453
40.0,57944.0,691.0,Some College,Full-time,12.1,31552.0,2.0,0.278,Married,CA,2024-09-21 12:53:24.213453
30.0,38799.0,640.0,Bachelor,Full-time,6.9,20015.0,1.0,0.409,Single,NY,2023-08-16 12:53:24.213453
37.0,,662.0,Bachelor,Unemployed,0.0,10167.0,2.0,0.279,Married,GA,2023-04-01 12:53:24.213453
48.0,69177.0,709.0,Some College,Full-time,19.8,39539.0,3.0,0.271,Divorced,NC,2023-11-02 12:53:24.213453
34.0,56556.0,635.0,High School,Full-time,12.3,24705.0,2.0,0.344,Married,MI,2024-01-09 12:53:24.213453
30.0,50409.0,657.0,High School,Full-time,8.1,14849.0,3.0,0.362,Single,NY,2022-05-17 12:53:24.213453
46.0,72046.0,719.0,Bachelor,Full-time,19.5,18075.0,3.0,,Married,Other,2023-08-13 12:53:24.213453
46.0,78554.0,727.0,Master,Full-time,16.7,34600.0,3.0,0.268,Single,Other,2022-06-17 12:53:24.213453
34.0,71860.0,654.0,Bachelor,Part-time,10.0,32964.0,4.0,0.281,Married,Other,2023-10-07 12:53:24.213453
35.0,69743.0,606.0,High School,Full-time,12.5,,3.0,0.275,Married,CA,2022-03-18 12:53:24.213453
45.0,48227.0,712.0,Some College,Part-time,17.6,22667.0,2.0,0.284,Married,GA,2023-02-02 12:53:24.213453
20.0,,562.0,Bachelor,Part-time,1.1,10959.0,1.0,0.437,Single,IL,2022-02-05 12:53:24.213453
21.0,48515.0,582.0,Bachelor,Full-time,1.8,,3.0,0.384,Single,NC,2023-07-07 12:53:24.213453
31.0,28997.0,639.0,High School,Full-time,10.5,14986.0,1.0,,Divorced,Other,2023-07-13 12:53:24.213453
39.0,58129.0,659.0,High School,Full-time,14.2,32795.0,2.0,0.33,Single,GA,2022-04-06 12:53:24.213453
47.0,55948.0,725.0,Bachelor,Unemployed,0.0,16727.0,3.0,,Married,CA,2023-03-26 12:53:24.213453
64.0,71970.0,778.0,Some College,Full-time,36.4,53253.0,6.0,0.276,Divorced,OH,2024-08-21 12:53:24.213453
55.0,93622.0,775.0,Some College,Full-time,27.3,23854.0,4.0,0.179,Married,Other,2023-06-12 12:53:24.213453
40.0,74387.0,,High School,Full-time,13.4,22759.0,2.0,0.33,Married,Other,2022-12-27 12:53:24.213453
42.0,57352.0,716.0,Bachelor,Full-time,15.1,14667.0,2.0,0.255,Married,NC,2024-03-08 12:53:24.213453
27.0,20000.0,605.0,Master,Full-time,4.5,13778.0,1.0,0.395,Married,FL,2024-10-27 12:53:24.213453
42.0,57806.0,669.0,Master,Full-time,13.4,19296.0,2.0,0.288,Single,GA,2023-07-14 12:53:24.213453
38.0,65877.0,680.0,Bachelor,Full-time,12.5,20637.0,2.0,0.329,Single,Other,2022-09-30 12:53:24.213453
47.0,51316.0,635.0,Bachelor,Full-time,22.2,11732.0,2.0,,Married,Other,2023-01-15 12:53:24.213453
30.0,50750.0,649.0,High School,Full-time,2.0,32299.0,2.0,0.327,Divorced,Other,2024-12-06 12:53:24.213453
50.0,77770.0,693.0,Bachelor,Full-time,25.5,20003.0,5.0,0.2,Single,Other,2024-02-04 12:53:24.213453
65.0,109189.0,760.0,Some College,Retired,0.0,,6.0,,Single,NC,2024-06-30 12:53:24.213453
40.0,64794.0,635.0,Bachelor,Full-time,13.5,9001.0,3.0,0.287,Married,IL,2023-01-28 12:53:24.213453
48.0,60404.0,734.0,Some College,Retired,0.0,15870.0,3.0,0.22,Married,Other,2024-11-10 12:53:24.213453
52.0,98949.0,732.0,High School,Full-time,24.0,,3.0,0.208,Married,NC,2023-07-09 12:53:24.213453
36.0,54622.0,705.0,High School,Full-time,13.7,,2.0,0.321,Divorced,Other,2024-05-10 12:53:24.213453
45.0,70090.0,685.0,Some College,Full-time,20.4,35156.0,3.0,0.281,Single,GA,2024-03-22 12:53:24.213453
42.0,,623.0,High School,Full-time,13.2,15011.0,2.0,0.302,Divorced,CA,2023-03-26 12:53:24.213453
43.0,,,High School,Full-time,18.0,18722.0,2.0,0.33,Married,Other,2024-03-26 12:53:24.213453
30.0,34728.0,658.0,PhD,Full-time,6.0,7227.0,1.0,0.367,Married,CA,2022-06-12 12:53:24.213453
42.0,63406.0,681.0,Some College,Full-time,16.2,43767.0,3.0,0.271,Married,FL,2022-02-13 12:53:24.213453
49.0,102176.0,,Bachelor,Full-time,20.1,63960.0,6.0,,Married,IL,2025-01-02 12:53:24.213453
64.0,78421.0,771.0,Master,Full-time,37.1,40064.0,6.0,0.195,Single,Other,2022-11-21 12:53:24.213453
56.0,62797.0,742.0,PhD,Full-time,29.3,30911.0,3.0,0.243,Single,NC,2023-04-20 12:53:24.213453
74.0,136068.0,,Bachelor,Retired,0.0,28750.0,7.0,0.05,Married,CA,2025-01-20 12:53:24.213453
30.0,44860.0,674.0,Bachelor,Full-time,3.7,20069.0,2.0,0.343,Married,Other,2023-03-18 12:53:24.213453
55.0,75464.0,726.0,Some College,Full-time,25.6,32418.0,3.0,0.242,Married,PA,2023-10-22 12:53:24.213453
45.0,86099.0,677.0,Some College,Unemployed,0.0,39595.0,5.0,,Married,Other,2022-12-17 12:53:24.213453
75.0,106416.0,815.0,Some College,Unemployed,0.0,14247.0,8.0,0.091,Married,NC,2024-04-27 12:53:24.213453
30.0,75390.0,669.0,Bachelor,Full-time,8.9,19811.0,3.0,0.349,Single,Other,2024-07-23 12:53:24.213453
29.0,56669.0,611.0,Bachelor,Full-time,7.2,11693.0,2.0,0.418,Married,FL,2022-03-07 12:53:24.213453
33.0,45181.0,611.0,Some College,Unemployed,0.0,,2.0,0.376,Married,Other,2024-03-31 12:53:24.213453
18.0,62360.0,623.0,High School,Part-time,0.0,,3.0,0.331,Single,Other,2023-09-08 12:53:24.213453
34.0,44914.0,641.0,Bachelor,Unemployed,0.0,17072.0,2.0,0.331,Married,Other,2022-12-02 12:53:24.213453
31.0,60631.0,651.0,High School,Full-time,6.8,27373.0,4.0,0.278,Divorced,CA,2024-11-03 12:53:24.213453
44.0,73489.0,679.0,Bachelor,Full-time,19.7,45741.0,2.0,,Divorced,OH,2024-07-11 12:53:24.213453
47.0,93026.0,723.0,Bachelor,Unemployed,0.0,21993.0,3.0,,Married,Other,2022-02-11 12:53:24.213453
70.0,131423.0,810.0,Bachelor,Part-time,39.4,66318.0,7.0,,Married,CA,2022-04-23 12:53:24.213453
56.0,87480.0,778.0,Bachelor,Full-time,26.6,32510.0,5.0,0.268,Married,PA,2024-12-21 12:53:24.213453
33.0,41199.0,667.0,Master,Full-time,6.7,6071.0,2.0,0.304,Married,Other,2024-09-13 12:53:24.213453
29.0,53400.0,581.0,Some College,Full-time,5.4,,3.0,0.333,Single,OH,2024-01-13 12:53:24.213453
49.0,66334.0,681.0,Bachelor,Unemployed,,39883.0,,0.289,Married,Other,2022-09-28 12:53:24.213453
22.0,66201.0,583.0,Bachelor,Full-time,0.0,38784.0,2.0,0.322,Single,CA,2024-07-16 12:53:24.213453
69.0,108548.0,792.0,High School,Retired,0.0,34704.0,6.0,,Married,Other,2024-07-14 12:53:24.213453
60.0,87520.0,761.0,High School,Full-time,28.5,30960.0,6.0,0.187,Married,Other,2024-07-25 12:53:24.213453
35.0,58270.0,616.0,Some College,Full-time,12.6,29053.0,2.0,0.311,Married,NC,2024-02-25 12:53:24.213453
18.0,20000.0,542.0,Some College,Full-time,0.0,,1.0,0.398,Single,Other,2024-11-20 12:53:24.213453
62.0,81426.0,733.0,Bachelor,Full-time,34.9,32921.0,5.0,0.249,Married,TX,2023-09-23 12:53:24.213453
40.0,81006.0,703.0,Bachelor,Full-time,17.5,23357.0,5.0,0.301,Single,Other,2022-11-08 12:53:24.213453
61.0,84647.0,766.0,High School,Retired,0.0,46731.0,5.0,0.22,Married,Other,2023-11-12 12:53:24.213453
18.0,20000.0,548.0,High School,Part-time,0.0,,1.0,0.476,Married,FL,2023-09-21 12:53:24.213453
33.0,60550.0,661.0,Master,Full-time,4.6,32938.0,4.0,0.257,Married,Other,2024-10-05 12:53:24.213453
42.0,83786.0,689.0,High School,Retired,0.0,17723.0,2.0,0.248,Married,OH,2024-11-07 12:53:24.213453
43.0,78284.0,695.0,Some College,Full-time,14.1,37232.0,2.0,0.231,Divorced,Other,2024-07-18 12:53:24.213453
35.0,70441.0,722.0,Bachelor,Full-time,13.2,,4.0,0.306,Single,PA,2024-07-12 12:53:24.213453
51.0,68148.0,757.0,Bachelor,Full-time,23.4,35983.0,5.0,0.346,Divorced,Other,2024-09-13 12:53:24.213453
26.0,20673.0,556.0,High School,Part-time,4.0,12976.0,1.0,0.4,Single,Other,2022-09-06 12:53:24.213453
40.0,85520.0,726.0,High School,Full-time,10.0,31942.0,4.0,0.222,Single,TX,2024-01-27 12:53:24.213453
44.0,64160.0,717.0,High School,Unemployed,0.0,30043.0,2.0,0.316,Married,Other,2024-11-04 12:53:24.213453
50.0,74238.0,686.0,Bachelor,Full-time,24.2,44696.0,2.0,0.215,Married,TX,2023-07-02 12:53:24.213453
53.0,102423.0,782.0,Bachelor,Full-time,25.4,58719.0,7.0,,Married,PA,2024-04-21 12:53:24.213453
25.0,48843.0,666.0,High School,Full-time,2.1,12479.0,2.0,0.379,Married,TX,2023-06-16 12:53:24.213453
19.0,38338.0,558.0,Bachelor,Full-time,0.0,12396.0,2.0,0.459,Married,CA,2022-03-29 12:53:24.213453
61.0,126975.0,778.0,Bachelor,Full-time,34.5,84140.0,4.0,0.072,Married,FL,2024-04-23 12:53:24.213453
47.0,,731.0,High School,Full-time,19.6,23043.0,4.0,0.275,Married,MI,2023-10-06 12:53:24.213453
31.0,63418.0,,Some College,Full-time,7.3,29515.0,3.0,0.289,Single,GA,2023-04-01 12:53:24.213453
65.0,101355.0,809.0,Bachelor,Part-time,34.8,,4.0,0.124,Single,NC,2024-07-01 12:53:24.213453
44.0,73029.0,711.0,Some College,Full-time,22.4,27684.0,4.0,0.284,Married,FL,2023-04-07 12:53:24.213453
60.0,115927.0,804.0,Some College,Full-time,26.2,79355.0,6.0,0.088,Single,Other,2024-09-04 12:53:24.213453
43.0,75118.0,660.0,Bachelor,Full-time,18.2,23938.0,3.0,0.239,Married,Other,2024-08-22 12:53:24.213453
73.0,120574.0,850.0,Master,Full-time,40.0,45062.0,2.0,,Married,IL,2023-03-11 12:53:24.213453
68.0,121088.0,850.0,Bachelor,Unemployed,0.0,40634.0,6.0,,Single,Other,2023-06-06 12:53:24.213453
38.0,54526.0,658.0,Bachelor,Full-time,11.5,29921.0,3.0,0.366,Married,Other,2022-04-06 12:53:24.213453
57.0,75912.0,742.0,Bachelor,Full-time,27.9,33523.0,3.0,0.208,Single,Other,2024-07-30 12:53:24.213453
52.0,65328.0,671.0,Some College,Full-time,25.4,18849.0,3.0,0.265,Married,NY,2023-02-25 12:53:24.213453
63.0,68005.0,768.0,Bachelor,Part-time,39.0,11542.0,5.0,0.221,Married,CA,2022-04-23 12:53:24.213453
28.0,75843.0,673.0,Some College,Full-time,6.4,29352.0,3.0,0.251,Married,Other,2024-10-29 12:53:24.213453
52.0,64452.0,715.0,High School,Full-time,22.3,33719.0,1.0,0.29,Single,Other,2023-05-26 12:53:24.213453
58.0,86681.0,790.0,Bachelor,Full-time,28.0,30724.0,4.0,0.193,Married,TX,2024-03-17 12:53:24.213453
18.0,25848.0,566.0,Bachelor,Full-time,0.0,,1.0,0.382,Single,IL,2024-03-25 12:53:24.213453
24.0,43611.0,629.0,Some College,Full-time,,,,0.361,Single,Other,2023-11-13 12:53:24.213453
18.0,42236.0,562.0,Master,Full-time,0.0,21180.0,2.0,0.355,Single,Other,2023-07-07 12:53:24.213453
38.0,72907.0,682.0,High School,Full-time,14.3,41078.0,2.0,0.299,Married,Other,2022-08-23 12:53:24.213453
53.0,73754.0,724.0,Some College,Full-time,22.3,11306.0,3.0,0.199,Divorced,TX,2024-02-11 12:53:24.213453
65.0,97993.0,796.0,High School,Retired,0.0,31521.0,3.0,0.212,Married,OH,2022-12-15 12:53:24.213453
43.0,71739.0,686.0,Bachelor,Full-time,17.8,23431.0,3.0,0.233,Single,CA,2022-11-04 12:53:24.213453
66.0,98270.0,788.0,Bachelor,Full-time,33.7,35221.0,6.0,0.178,Married,PA,2024-07-20 12:53:24.213453
21.0,58610.0,642.0,Some College,Full-time,0.0,14013.0,2.0,0.339,Married,CA,2022-06-27 12:53:24.213453
18.0,37365.0,574.0,Bachelor,Unemployed,0.0,16058.0,1.0,,Single,Other,2024-03-18 12:53:24.213453
41.0,75523.0,646.0,Some College,Full-time,16.7,20395.0,3.0,0.306,Married,MI,2023-03-25 12:53:24.213453
48.0,84943.0,777.0,Bachelor,Full-time,20.8,32684.0,4.0,0.219,Married,Other,2023-07-22 12:53:24.213453
42.0,83602.0,747.0,Some College,Unemployed,0.0,,5.0,0.187,Married,CA,2023-02-26 12:53:24.213453
18.0,,544.0,Some College,Part-time,0.0,7065.0,1.0,0.46,Single,FL,2024-08-27 12:53:24.213453
41.0,,685.0,Master,Full-time,14.2,13843.0,3.0,0.316,Married,FL,2022-09-29 12:53:24.213453
22.0,41995.0,589.0,Some College,Full-time,0.0,20994.0,2.0,0.335,Single,PA,2024-10-25 12:53:24.213453
52.0,71230.0,731.0,High School,Part-time,28.1,19899.0,2.0,,Married,Other,2022-09-30 12:53:24.213453
47.0,65571.0,711.0,Bachelor,Full-time,20.3,29032.0,4.0,0.256,Married,PA,2024-10-02 12:53:24.213453
28.0,53795.0,627.0,Master,Full-time,5.6,20346.0,3.0,,Single,TX,2023-12-15 12:53:24.213453
34.0,72574.0,647.0,Some College,Full-time,9.5,11057.0,5.0,0.247,Married,CA,2023-09-10 12:53:24.213453
26.0,,596.0,High School,Retired,0.0,,2.0,,Married,CA,2023-10-09 12:53:24.213453
41.0,69132.0,661.0,Some College,Full-time,14.8,14788.0,3.0,0.302,Divorced,Other,2022-02-25 12:53:24.213453
56.0,112533.0,752.0,Bachelor,Full-time,,22765.0,,,Married,OH,2024-06-11 12:53:24.213453
27.0,47111.0,622.0,High School,Part-time,8.6,39348.0,2.0,0.322,Single,Other,2022-04-19 12:53:24.213453
50.0,117025.0,742.0,Bachelor,Full-time,19.9,56731.0,5.0,0.115,Divorced,Other,2024-11-07 12:53:24.213453
34.0,62483.0,681.0,PhD,Full-time,7.5,20716.0,3.0,0.275,Married,TX,2022-06-07 12:53:24.213453
30.0,21589.0,652.0,Some College,Full-time,5.5,7294.0,1.0,0.384,Single,TX,2023-03-19 12:53:24.213453
40.0,74300.0,673.0,Some College,Full-time,17.0,22588.0,2.0,0.231,Married,Other,2022-06-16 12:53:24.213453
26.0,47717.0,629.0,Some College,Part-time,3.2,,1.0,0.332,Divorced,Other,2023-08-01 12:53:24.213453
34.0,73346.0,686.0,High School,Full-time,7.1,21122.0,4.0,0.259,Married,PA,2023-02-22 12:53:24.213453
24.0,49098.0,631.0,Master,Full-time,4.1,16906.0,3.0,0.344,Single,CA,2023-08-24 12:53:24.213453
71.0,107423.0,819.0,Some College,Retired,0.0,53398.0,5.0,,Single,CA,2024-11-11 12:53:24.213453
43.0,49136.0,696.0,Some College,Full-time,17.9,15762.0,3.0,,Divorced,NY,2023-03-27 12:53:24.213453
32.0,,654.0,Bachelor,Retired,0.0,8475.0,3.0,0.362,Married,CA,2022-06-20 12:53:24.213453
45.0,57742.0,652.0,Some College,Full-time,23.2,,2.0,0.404,Divorced,FL,2022-03-22 12:53:24.213453
40.0,54292.0,696.0,Bachelor,Full-time,18.8,21968.0,1.0,0.264,Married,OH,2024-10-13 12:53:24.213453
39.0,70329.0,710.0,High School,Full-time,12.2,34328.0,2.0,0.218,Single,TX,2024-08-16 12:53:24.213453
51.0,104549.0,731.0,Bachelor,Part-time,26.4,50476.0,4.0,0.179,Married,CA,2023-11-23 12:53:24.213453
53.0,88420.0,745.0,Master,Full-time,25.6,46615.0,5.0,0.175,Married,Other,2023-01-31 12:53:24.213453
34.0,36062.0,655.0,Bachelor,Full-time,10.6,8090.0,2.0,0.367,Married,Other,2024-07-26 12:53:24.213453
33.0,59169.0,648.0,Master,Full-time,5.4,11437.0,2.0,0.294,Divorced,Other,2024-10-24 12:53:24.213453
38.0,77949.0,720.0,High School,Full-time,12.5,51051.0,4.0,0.199,Married,IL,2024-06-02 12:53:24.213453
18.0,20853.0,642.0,Some College,Part-time,0.0,8803.0,1.0,0.41,Married,Other,2022-10-15 12:53:24.213453
19.0,29490.0,559.0,Bachelor,Full-time,0.0,3140.0,1.0,0.485,Single,TX,2022-03-16 12:53:24.213453
63.0,97720.0,741.0,Bachelor,Full-time,34.9,41424.0,5.0,0.181,Married,Other,2022-10-26 12:53:24.213453
67.0,91727.0,798.0,Some College,Full-time,31.9,18992.0,5.0,,Married,TX,2023-12-03 12:53:24.213453
38.0,69724.0,701.0,Some College,Full-time,12.8,19090.0,2.0,0.276,Married,CA,2024-11-14 12:53:24.213453
51.0,77686.0,720.0,High School,Unemployed,0.0,29782.0,4.0,0.252,Married,Other,2024-06-05 12:53:24.213453
47.0,79793.0,760.0,Some College,Full-time,19.6,22645.0,4.0,0.271,Married,Other,2022-06-24 12:53:24.213453
85.0,117188.0,828.0,High School,Retired,0.0,76459.0,8.0,,Married,Other,2022-09-22 12:53:24.213453
59.0,84938.0,779.0,Bachelor,Full-time,30.3,15701.0,3.0,0.265,Married,NY,2023-12-22 12:53:24.213453
40.0,73836.0,672.0,High School,Full-time,15.1,34932.0,3.0,0.302,Married,NY,2024-01-20 12:53:24.213453
28.0,39408.0,,High School,Part-time,4.3,14588.0,2.0,0.305,Divorced,PA,2023-01-18 12:53:24.213453
18.0,55904.0,666.0,Bachelor,Full-time,0.0,11590.0,2.0,0.288,Single,Other,2024-10-20 12:53:24.213453
45.0,64505.0,673.0,Bachelor,Full-time,16.2,35227.0,2.0,0.268,Married,Other,2022-11-01 12:53:24.213453
31.0,52870.0,625.0,Master,Retired,0.0,,3.0,,Married,Other,2024-07-28 12:53:24.213453
21.0,48489.0,633.0,Bachelor,Full-time,0.0,8444.0,2.0,0.323,Single,CA,2023-04-15 12:53:24.213453
32.0,29725.0,610.0,Some College,Full-time,7.7,,1.0,0.429,Married,Other,2025-01-21 12:53:24.213453
26.0,20000.0,593.0,Bachelor,Full-time,2.4,,1.0,0.384,Married,NY,2024-06-20 12:53:24.213453
67.0,80615.0,778.0,Bachelor,Part-time,35.4,,2.0,0.208,Married,TX,2023-11-12 12:53:24.213453
55.0,104439.0,708.0,High School,Full-time,28.5,53089.0,6.0,,Single,NC,2024-08-30 12:53:24.213453
42.0,57722.0,679.0,Bachelor,Full-time,15.3,23176.0,4.0,0.361,Married,NC,2022-03-05 12:53:24.213453
64.0,137373.0,805.0,Master,Full-time,30.9,50660.0,5.0,,Married,TX,2024-01-05 12:53:24.213453
43.0,59036.0,669.0,Some College,Full-time,18.3,37985.0,4.0,0.27,Married,TX,2024-06-15 12:53:24.213453
29.0,49268.0,676.0,Some College,Full-time,5.2,15803.0,3.0,0.286,Single,PA,2024-10-11 12:53:24.213453
65.0,123632.0,777.0,High School,Retired,0.0,16870.0,5.0,0.095,Single,PA,2024-05-11 12:53:24.213453
50.0,108091.0,778.0,High School,Full-time,25.6,43281.0,5.0,0.136,Divorced,NY,2023-05-07 12:53:24.213453
26.0,72923.0,639.0,Some College,Full-time,3.2,33325.0,2.0,0.299,Single,TX,2022-04-21 12:53:24.213453
39.0,79625.0,684.0,Bachelor,Full-time,14.2,21677.0,4.0,,Married,CA,2022-12-18 12:53:24.213453
29.0,61861.0,669.0,High School,Full-time,3.2,19050.0,3.0,0.272,Married,Other,2023-03-21 12:53:24.213453
21.0,43388.0,613.0,Master,Full-time,0.0,16092.0,1.0,0.356,Single,Other,2024-10-18 12:53:24.213453
56.0,98675.0,780.0,Bachelor,Full-time,28.4,14007.0,6.0,0.229,Single,NC,2022-08-08 12:53:24.213453
71.0,101232.0,839.0,Bachelor,Retired,0.0,58910.0,7.0,,Married,Other,2023-02-26 12:53:24.213453
21.0,22227.0,571.0,Bachelor,Full-time,0.0,8215.0,1.0,0.383,Married,Other,2022-07-17 12:53:24.213453
50.0,77949.0,706.0,High School,Full-time,22.6,56188.0,4.0,0.209,Married,CA,2023-11-25 12:53:24.213453
32.0,48447.0,608.0,Some College,Full-time,8.1,27558.0,1.0,0.324,Single,CA,2023-02-15 12:53:24.213453
35.0,48702.0,625.0,Bachelor,Full-time,12.5,17248.0,2.0,0.354,Married,Other,2024-07-16 12:53:24.213453
33.0,62946.0,746.0,Bachelor,Part-time,9.5,15030.0,3.0,0.246,Single,Other,2024-06-12 12:53:24.213453
29.0,60830.0,681.0,Bachelor,Part-time,8.6,26935.0,4.0,0.264,Married,Other,2022-04-02 12:53:24.213453
43.0,68826.0,653.0,Some College,Full-time,14.8,38419.0,3.0,0.294,Divorced,Other,2023-07-12 12:53:24.213453
30.0,70163.0,,Master,Full-time,6.7,14482.0,3.0,0.366,Divorced,OH,2024-06-10 12:53:24.213453
46.0,54875.0,703.0,High School,Unemployed,0.0,11026.0,2.0,0.253,Married,CA,2022-06-29 12:53:24.213453
41.0,61595.0,697.0,Master,Retired,0.0,,2.0,0.28,Married,TX,2022-05-26 12:53:24.213453
38.0,49248.0,676.0,PhD,Full-time,14.7,22164.0,2.0,0.299,Single,CA,2024-05-03 12:53:24.213453
28.0,20000.0,592.0,High School,Full-time,9.4,8144.0,1.0,0.454,Married,TX,2022-04-05 12:53:24.213453
33.0,51260.0,642.0,Bachelor,Full-time,8.8,16899.0,3.0,0.291,Married,PA,2022-12-06 12:53:24.213453
53.0,80674.0,746.0,High School,Retired,0.0,45410.0,4.0,0.206,Divorced,CA,2024-01-06 12:53:24.213453
50.0,100702.0,749.0,Some College,Full-time,22.6,25912.0,5.0,0.218,Married,TX,2024-06-02 12:53:24.213453
27.0,52962.0,563.0,Bachelor,Full-time,2.6,,2.0,0.351,Divorced,OH,2024-11-19 12:53:24.213453
43.0,,670.0,Bachelor,Full-time,13.2,11793.0,2.0,0.318,Divorced,IL,2022-12-02 12:53:24.213453
53.0,110311.0,740.0,Master,Full-time,23.4,27529.0,5.0,,Divorced,GA,2024-06-21 12:53:24.213453
18.0,48316.0,604.0,Bachelor,Full-time,0.0,15743.0,2.0,0.349,Single,OH,2022-07-18 12:53:24.213453
50.0,86731.0,822.0,Some College,Retired,0.0,77614.0,5.0,0.176,Married,Other,2024-11-26 12:53:24.213453
32.0,47603.0,651.0,Bachelor,Full-time,7.8,19767.0,1.0,0.356,Married,Other,2023-09-10 12:53:24.213453
51.0,65108.0,705.0,Master,Full-time,22.5,30505.0,4.0,0.238,Married,CA,2024-03-02 12:53:24.213453
31.0,43917.0,661.0,High School,Full-time,9.0,10608.0,2.0,0.333,Single,CA,2023-01-12 12:53:24.213453
18.0,46331.0,611.0,PhD,Full-time,0.0,,2.0,0.366,Single,Other,2024-09-11 12:53:24.213453
18.0,58269.0,621.0,High School,Full-time,0.0,,3.0,,Single,NC,2024-02-04 12:53:24.213453
43.0,90649.0,734.0,Bachelor,Full-time,16.9,27576.0,6.0,0.189,Married,Other,2023-03-16 12:53:24.213453
46.0,64667.0,760.0,Some College,Full-time,21.3,39124.0,3.0,0.213,Married,FL,2023-07-27 12:53:24.213453
28.0,28206.0,574.0,High School,Full-time,5.8,14663.0,1.0,,Divorced,Other,2023-01-20 12:53:24.213453
52.0,,749.0,Some College,Full-time,24.5,23676.0,3.0,0.224,Married,Other,2024-01-13 12:53:24.213453
18.0,20000.0,542.0,Bachelor,Full-time,0.0,,1.0,0.47,Single,Other,2023-09-06 12:53:24.213453
41.0,69348.0,705.0,Some College,Retired,0.0,45461.0,3.0,0.235,Married,CA,2023-06-25 12:53:24.213453
24.0,36786.0,577.0,High School,Unemployed,0.0,26510.0,2.0,0.419,Single,Other,2023-07-17 12:53:24.213453
32.0,44009.0,623.0,Bachelor,Full-time,5.9,19039.0,2.0,0.315,Single,Other,2023-07-12 12:53:24.213453
43.0,43579.0,660.0,Master,Full-time,16.9,24646.0,1.0,0.305,Single,Other,2024-09-03 12:53:24.213453
29.0,54204.0,666.0,Some College,Unemployed,0.0,26437.0,2.0,0.342,Divorced,CA,2024-05-03 12:53:24.213453
36.0,49009.0,681.0,High School,Full-time,11.4,18810.0,1.0,0.309,Married,Other,2022-04-18 12:53:24.213453
57.0,70951.0,701.0,Some College,Full-time,27.0,19886.0,2.0,0.282,Single,TX,2023-04-15 12:53:24.213453
33.0,20000.0,617.0,High School,Unemployed,0.0,9214.0,1.0,0.46,Single,FL,2023-08-02 12:53:24.213453
55.0,85087.0,725.0,Bachelor,Full-time,26.3,30780.0,4.0,0.248,Married,Other,2023-03-06 12:53:24.213453
25.0,67084.0,600.0,Bachelor,Full-time,0.0,,3.0,0.294,Married,FL,2024-01-01 12:53:24.213453
50.0,102919.0,742.0,Bachelor,Retired,0.0,28265.0,7.0,0.175,Single,Other,2022-06-05 12:53:24.213453
64.0,92144.0,771.0,Some College,Full-time,34.6,42906.0,4.0,0.274,Divorced,Other,2024-05-13 12:53:24.213453
18.0,20967.0,644.0,Bachelor,Full-time,0.1,5362.0,1.0,0.361,Single,CA,2023-07-28 12:53:24.213453
30.0,55032.0,,Bachelor,Full-time,5.2,12257.0,2.0,0.356,Single,Other,2023-06-16 12:53:24.213453
51.0,64524.0,672.0,Bachelor,Full-time,20.0,41372.0,5.0,0.287,Single,Other,2024-05-03 12:53:24.213453
39.0,66027.0,662.0,Bachelor,Full-time,15.2,28623.0,1.0,0.372,Married,TX,2023-02-21 12:53:24.213453
48.0,86491.0,757.0,Bachelor,Full-time,18.0,18687.0,4.0,0.201,Single,Other,2023-03-18 12:53:24.213453
33.0,70904.0,729.0,Bachelor,Retired,0.0,27135.0,4.0,0.242,Single,IL,2022-12-24 12:53:24.213453
43.0,65998.0,643.0,Some College,Full-time,,27735.0,,0.308,Married,GA,2022-05-10 12:53:24.213453
40.0,59945.0,620.0,Master,Full-time,14.3,28341.0,3.0,,Married,NY,2023-05-06 12:53:24.213453
60.0,79830.0,812.0,Bachelor,Full-time,31.8,44939.0,4.0,0.184,Single,IL,2022-02-24 12:53:24.213453
46.0,59597.0,705.0,Bachelor,Full-time,17.8,24247.0,3.0,,Married,CA,2023-06-08 12:53:24.213453
47.0,70103.0,681.0,High School,Full-time,19.5,18466.0,2.0,,Married,Other,2023-01-18 12:53:24.213453
36.0,62510.0,683.0,Bachelor,Retired,0.0,13309.0,3.0,0.279,Single,Other,2024-06-17 12:53:24.213453
35.0,69204.0,591.0,Bachelor,Part-time,10.7,27128.0,3.0,0.339,Married,NC,2022-08-17 12:53:24.213453
36.0,44952.0,649.0,High School,Full-time,11.4,22077.0,2.0,0.311,Single,PA,2024-05-26 12:53:24.213453
48.0,97390.0,747.0,High School,Full-time,21.7,30388.0,5.0,,Single,MI,2023-07-10 12:53:24.213453
36.0,52933.0,685.0,Bachelor,Full-time,12.9,14605.0,3.0,0.327,Married,PA,2023-07-25 12:53:24.213453
46.0,71679.0,675.0,Bachelor,Full-time,20.0,,2.0,0.247,Single,IL,2023-05-22 12:53:24.213453
73.0,101292.0,819.0,Bachelor,Retired,0.0,28869.0,6.0,,Single,GA,2022-02-09 12:53:24.213453
55.0,49136.0,682.0,High School,Full-time,23.2,19027.0,2.0,0.323,Married,FL,2023-07-08 12:53:24.213453
37.0,71761.0,686.0,Bachelor,Retired,0.0,24691.0,4.0,0.353,Divorced,TX,2024-04-19 12:53:24.213453
60.0,104053.0,753.0,High School,Full-time,31.4,20851.0,4.0,0.15,Married,Other,2024-03-12 12:53:24.213453
36.0,52780.0,645.0,Some College,Full-time,12.7,32042.0,1.0,0.339,Married,Other,2024-06-08 12:53:24.213453
18.0,,551.0,High School,Part-time,0.0,17285.0,1.0,0.439,Married,TX,2024-11-25 12:53:24.213453
27.0,51239.0,648.0,High School,Full-time,2.7,15509.0,2.0,0.307,Divorced,CA,2024-12-24 12:53:24.213453
18.0,20000.0,596.0,High School,Full-time,0.0,7418.0,1.0,0.385,Single,FL,2022-07-24 12:53:24.213453
37.0,50564.0,651.0,Some College,Full-time,13.1,11308.0,3.0,0.306,Married,Other,2023-04-17 12:53:24.213453
42.0,77914.0,701.0,High School,Full-time,18.1,24357.0,4.0,,Married,Other,2024-12-02 12:53:24.213453
67.0,84686.0,738.0,Some College,Retired,0.0,9975.0,4.0,0.24,Single,Other,2022-10-03 12:53:24.213453
47.0,77903.0,706.0,Bachelor,Full-time,21.8,24358.0,4.0,0.215,Married,Other,2023-12-06 12:53:24.213453
39.0,41151.0,653.0,Some College,Full-time,13.8,19002.0,1.0,0.4,Divorced,OH,2022-05-24 12:53:24.213453
54.0,90996.0,828.0,Some College,Full-time,25.4,29959.0,5.0,,Married,Other,2024-11-07 12:53:24.213453
18.0,29465.0,546.0,Bachelor,Full-time,0.0,9968.0,2.0,0.417,Single,NY,2024-04-03 12:53:24.213453
46.0,47773.0,726.0,High School,Full-time,20.7,25755.0,2.0,,Married,FL,2022-09-20 12:53:24.213453
54.0,101471.0,789.0,Bachelor,Full-time,26.3,43032.0,5.0,0.157,Married,Other,2024-10-06 12:53:24.213453
20.0,21981.0,586.0,High School,Full-time,3.0,5635.0,1.0,0.437,Single,PA,2022-06-05 12:53:24.213453
59.0,79346.0,805.0,High School,Full-time,27.9,39055.0,3.0,0.193,Married,Other,2023-06-25 12:53:24.213453
47.0,76509.0,725.0,Bachelor,Full-time,21.0,25455.0,4.0,0.278,Married,NY,2022-11-07 12:53:24.213453
36.0,74230.0,690.0,Bachelor,Full-time,10.1,52117.0,2.0,,Married,Other,2024-04-07 12:53:24.213453
51.0,64263.0,712.0,Master,Full-time,21.5,22797.0,3.0,0.259,Divorced,FL,2024-10-04 12:53:24.213453
76.0,117925.0,850.0,Bachelor,Retired,0.0,25657.0,7.0,,Divorced,CA,2024-07-21 12:53:24.213453
45.0,76932.0,741.0,Master,Full-time,18.7,21223.0,4.0,0.211,Single,Other,2023-11-12 12:53:24.213453
46.0,82397.0,698.0,High School,Retired,0.0,27071.0,3.0,0.245,Divorced,Other,2023-02-26 12:53:24.213453
35.0,58147.0,620.0,High School,Full-time,10.0,33560.0,2.0,0.298,Married,Other,2023-02-16 12:53:24.213453
29.0,40995.0,618.0,High School,Part-time,3.3,,2.0,0.369,Single,Other,2022-09-03 12:53:24.213453
54.0,71586.0,706.0,High School,Full-time,26.1,14680.0,3.0,,Married,Other,2023-07-26 12:53:24.213453
29.0,47792.0,629.0,Bachelor,Full-time,1.5,11320.0,2.0,0.359,Single,Other,2023-09-28 12:53:24.213453
43.0,,714.0,Bachelor,Part-time,16.6,8759.0,3.0,,Single,TX,2022-05-26 12:53:24.213453
35.0,20000.0,607.0,High School,Full-time,10.4,8591.0,1.0,0.436,Married,TX,2023-06-23 12:53:24.213453
49.0,83048.0,725.0,Master,Full-time,,26660.0,,,Married,NY,2022-10-28 12:53:24.213453
47.0,87059.0,726.0,Bachelor,Full-time,21.9,42412.0,4.0,0.225,Married,Other,2024-12-28 12:53:24.213453
58.0,54556.0,750.0,Some College,Full-time,27.8,28083.0,3.0,0.281,Married,TX,2024-12-13 12:53:24.213453
34.0,38854.0,569.0,High School,Full-time,9.3,13622.0,2.0,0.366,Married,Other,2024-03-16 12:53:24.213453
38.0,69287.0,661.0,High School,Full-time,11.3,39772.0,3.0,0.283,Married,MI,2025-01-01 12:53:24.213453
27.0,74362.0,658.0,High School,Part-time,1.7,11710.0,3.0,0.261,Married,Other,2023-01-05 12:53:24.213453
35.0,55812.0,693.0,High School,Full-time,11.0,27096.0,3.0,0.315,Married,CA,2022-07-18 12:53:24.213453
48.0,64080.0,689.0,Bachelor,Retired,0.0,37623.0,3.0,,Single,FL,2023-11-23 12:53:24.213453
53.0,79757.0,678.0,High School,Retired,0.0,28931.0,3.0,0.313,Married,Other,2022-06-22 12:53:24.213453
28.0,65623.0,664.0,Some College,Full-time,2.8,18907.0,1.0,0.346,Single,FL,2023-08-28 12:53:24.213453
55.0,75811.0,718.0,PhD,Full-time,27.5,49210.0,3.0,0.252,Married,NY,2023-05-20 12:53:24.213453
62.0,84012.0,730.0,Bachelor,Part-time,35.6,20511.0,3.0,0.172,Single,TX,2022-12-07 12:53:24.213453
48.0,67759.0,689.0,Master,Retired,0.0,26210.0,3.0,0.285,Married,TX,2025-01-18 12:53:24.213453
70.0,93700.0,794.0,High School,Retired,0.0,25694.0,4.0,,Married,FL,2024-12-18 12:53:24.213453
30.0,49840.0,618.0,Some College,Full-time,6.2,13133.0,3.0,0.326,Married,Other,2023-07-15 12:53:24.213453
23.0,61870.0,561.0,Bachelor,Full-time,0.8,12629.0,2.0,0.391,Single,GA,2024-10-17 12:53:24.213453
18.0,34846.0,,High School,Part-time,0.0,21586.0,1.0,0.339,Married,Other,2022-04-13 12:53:24.213453
64.0,95215.0,821.0,High School,Full-time,32.7,22943.0,5.0,,Married,TX,2024-06-17 12:53:24.213453
52.0,76623.0,748.0,Bachelor,Full-time,23.6,22548.0,3.0,0.223,Married,Other,2023-02-28 12:53:24.213453
41.0,41052.0,626.0,Bachelor,Full-time,15.9,19322.0,2.0,0.317,Married,Other,2023-05-26 12:53:24.213453
46.0,85247.0,,Some College,Full-time,,31298.0,,0.239,Divorced,CA,2023-05-18 12:53:24.213453
25.0,39332.0,610.0,Some College,Full-time,0.0,11076.0,1.0,0.364,Married,PA,2022-12-09 12:53:24.213453
79.0,118793.0,850.0,Some College,Unemployed,0.0,32376.0,8.0,0.103,Single,CA,2024-09-08 12:53:24.213453
44.0,116897.0,765.0,High School,Full-time,18.0,43788.0,8.0,,Married,Other,2022-12-20 12:53:24.213453
44.0,73481.0,679.0,Some College,Full-time,15.8,20646.0,2.0,0.278,Married,Other,2024-11-08 12:53:24.213453
53.0,,729.0,High School,Full-time,28.3,34994.0,2.0,0.275,Divorced,Other,2024-09-21 12:53:24.213453
49.0,70105.0,727.0,High School,Full-time,20.3,33599.0,3.0,0.283,Single,FL,2022-04-27 12:53:24.213453
45.0,87727.0,762.0,Master,Full-time,18.3,34786.0,3.0,,Single,GA,2023-01-24 12:53:24.213453
30.0,49699.0,657.0,Bachelor,Retired,0.0,,2.0,0.3,Married,TX,2023-12-26 12:53:24.213453
49.0,54926.0,722.0,Bachelor,Full-time,20.4,16131.0,2.0,0.267,Divorced,IL,2022-08-15 12:53:24.213453
70.0,121788.0,830.0,Some College,Retired,0.0,44849.0,8.0,0.123,Married,MI,2024-02-25 12:53:24.213453
62.0,85978.0,810.0,Some College,Full-time,31.1,24259.0,5.0,0.182,Married,CA,2024-10-03 12:53:24.213453
66.0,130099.0,836.0,High School,Retired,0.0,81466.0,7.0,0.063,Married,Other,2023-06-12 12:53:24.213453
34.0,70201.0,642.0,High School,Full-time,8.9,15780.0,3.0,,Single,MI,2024-07-26 12:53:24.213453
27.0,36790.0,656.0,High School,Full-time,2.3,,1.0,0.317,Married,Other,2024-08-18 12:53:24.213453
40.0,82215.0,719.0,Bachelor,Full-time,16.3,31717.0,5.0,0.216,Single,FL,2023-05-07 12:53:24.213453
43.0,68518.0,680.0,Bachelor,Full-time,,24811.0,,0.294,Single,Other,2024-09-26 12:53:24.213453
58.0,102792.0,758.0,Bachelor,Full-time,27.8,60336.0,4.0,0.182,Single,Other,2022-09-21 12:53:24.213453
18.0,37271.0,596.0,Some College,Part-time,0.0,11802.0,1.0,0.399,Single,Other,2023-03-23 12:53:24.213453
65.0,87805.0,793.0,Master,Full-time,,33419.0,,0.175,Single,Other,2022-07-02 12:53:24.213453
40.0,53347.0,675.0,High School,Full-time,19.2,23827.0,3.0,0.317,Single,Other,2022-10-29 12:53:24.213453
36.0,72449.0,686.0,Some College,Full-time,12.9,,4.0,0.224,Married,Other,2023-02-26 12:53:24.213453
27.0,38478.0,666.0,Some College,Full-time,6.3,15832.0,2.0,0.321,Single,TX,2023-07-31 12:53:24.213453
18.0,23945.0,606.0,Bachelor,Part-time,0.0,6395.0,1.0,0.385,Married,Other,2024-01-25 12:53:24.213453
54.0,69673.0,733.0,PhD,Full-time,23.5,14221.0,5.0,0.257,Married,Other,2022-08-07 12:53:24.213453
43.0,73854.0,727.0,High School,Full-time,16.9,21941.0,3.0,0.213,Married,Other,2024-04-21 12:53:24.213453
23.0,,602.0,Master,Full-time,1.0,33319.0,3.0,0.337,Single,MI,2023-03-01 12:53:24.213453
23.0,21487.0,598.0,Bachelor,Full-time,0.0,8368.0,1.0,0.401,Single,FL,2023-11-23 12:53:24.213453
37.0,58863.0,720.0,High School,Full-time,11.6,20929.0,3.0,0.29,Married,Other,2024-06-01 12:53:24.213453
67.0,124683.0,,Some College,Retired,0.0,40449.0,5.0,,Married,Other,2023-09-16 12:53:24.213453
38.0,58805.0,643.0,Some College,Full-time,13.5,41221.0,1.0,0.308,Married,TX,2022-08-08 12:53:24.213453
19.0,38286.0,572.0,PhD,Full-time,0.0,25674.0,1.0,0.384,Single,NY,2022-09-21 12:53:24.213453
38.0,44064.0,621.0,High School,Full-time,13.4,15716.0,2.0,,Married,MI,2022-09-19 12:53:24.213453
38.0,66425.0,653.0,Bachelor,Full-time,11.8,12178.0,2.0,0.35,Married,TX,2023-01-23 12:53:24.213453
18.0,27193.0,566.0,Some College,Full-time,0.0,,1.0,0.433,Married,CA,2023-05-23 12:53:24.213453
41.0,79286.0,656.0,Bachelor,Full-time,12.8,72922.0,4.0,0.266,Married,IL,2022-09-24 12:53:24.213453
39.0,79311.0,693.0,Some College,Full-time,,46432.0,,0.249,Divorced,Other,2024-12-22 12:53:24.213453
52.0,119843.0,799.0,Bachelor,Full-time,24.0,40110.0,6.0,,Married,CA,2022-08-31 12:53:24.213453
70.0,116694.0,795.0,Bachelor,Part-time,38.0,78034.0,6.0,0.146,Single,OH,2023-02-13 12:53:24.213453
59.0,96387.0,815.0,Bachelor,Full-time,27.7,52400.0,5.0,,Married,Other,2024-11-21 12:53:24.213453
38.0,62916.0,688.0,Master,Full-time,18.7,23546.0,3.0,0.334,Married,Other,2024-07-27 12:53:24.213453
25.0,35203.0,637.0,High School,Full-time,0.3,14599.0,1.0,0.344,Married,Other,2023-04-25 12:53:24.213453
81.0,129577.0,849.0,Bachelor,Unemployed,0.0,28042.0,6.0,0.05,Married,OH,2023-08-22 12:53:24.213453
43.0,63069.0,714.0,High School,Full-time,17.6,35626.0,3.0,0.306,Married,Other,2024-04-22 12:53:24.213453
42.0,68527.0,658.0,Some College,Retired,0.0,36381.0,3.0,0.247,Married,CA,2022-11-05 12:53:24.213453
42.0,85764.0,734.0,Bachelor,Retired,0.0,29781.0,3.0,0.277,Single,Other,2022-09-01 12:53:24.213453
45.0,55402.0,692.0,Some College,Full-time,22.0,10918.0,2.0,0.285,Single,Other,2024-01-18 12:53:24.213453
40.0,80098.0,713.0,Bachelor,Full-time,15.4,21360.0,6.0,0.277,Married,FL,2024-09-26 12:53:24.213453
33.0,72257.0,632.0,PhD,Full-time,6.7,17009.0,4.0,0.311,Married,NC,2024-11-30 12:53:24.213453
34.0,52229.0,623.0,High School,Full-time,9.1,,2.0,0.342,Single,TX,2024-06-19 12:53:24.213453
42.0,34172.0,674.0,Bachelor,Full-time,16.6,12305.0,2.0,0.395,Married,Other,2025-01-05 12:53:24.213453
34.0,44883.0,614.0,Some College,Full-time,13.7,,2.0,0.344,Single,IL,2023-04-13 12:53:24.213453
31.0,68955.0,672.0,High School,Full-time,4.4,12055.0,3.0,,Single,Other,2023-12-02 12:53:24.213453
44.0,68657.0,656.0,High School,Part-time,20.0,34872.0,2.0,0.301,Married,TX,2024-07-22 12:53:24.213453
38.0,45010.0,680.0,Master,Full-time,13.2,,2.0,0.323,Married,TX,2024-12-11 12:53:24.213453
65.0,92928.0,747.0,Master,Unemployed,0.0,45978.0,5.0,0.18,Married,Other,2024-07-10 12:53:24.213453
18.0,42609.0,609.0,Master,Part-time,0.0,10704.0,1.0,0.318,Married,Other,2023-02-23 12:53:24.213453
58.0,98201.0,787.0,PhD,Full-time,27.1,34475.0,7.0,,Divorced,Other,2022-06-14 12:53:24.213453
61.0,90916.0,749.0,High School,Full-time,32.7,28638.0,6.0,0.226,Single,NY,2023-07-16 12:53:24.213453
18.0,24498.0,592.0,Some College,Part-time,0.0,13837.0,1.0,0.401,Single,TX,2022-09-07 12:53:24.213453
37.0,52624.0,667.0,Bachelor,Full-time,13.9,9457.0,3.0,0.322,Married,NC,2022-12-29 12:53:24.213453
36.0,43164.0,631.0,Some College,Full-time,11.2,9003.0,2.0,0.322,Married,NC,2024-12-21 12:53:24.213453
21.0,58731.0,587.0,Some College,Full-time,0.0,,2.0,,Single,TX,2023-01-22 12:53:24.213453
30.0,43165.0,570.0,Some College,Full-time,3.3,9044.0,2.0,0.371,Single,Other,2023-03-07 12:53:24.213453
25.0,58757.0,640.0,Bachelor,Full-time,4.0,12938.0,3.0,0.344,Single,IL,2024-07-14 12:53:24.213453
68.0,127820.0,781.0,Bachelor,Unemployed,0.0,44595.0,8.0,0.112,Married,TX,2024-10-16 12:53:24.213453
56.0,101975.0,769.0,High School,Full-time,25.3,43713.0,6.0,0.14,Married,NY,2024-01-09 12:53:24.213453
61.0,88026.0,759.0,Some College,Full-time,30.1,16919.0,5.0,0.158,Married,Other,2024-12-23 12:53:24.213453
53.0,88556.0,764.0,Bachelor,Full-time,23.9,30286.0,5.0,,Single,Other,2022-10-05 12:53:24.213453
25.0,40137.0,602.0,Bachelor,Full-time,0.0,16179.0,2.0,0.37,Married,GA,2024-09-02 12:53:24.213453
34.0,40444.0,629.0,High School,Full-time,8.0,20344.0,2.0,,Single,MI,2022-03-13 12:53:24.213453
49.0,81365.0,746.0,Bachelor,Retired,0.0,12254.0,5.0,0.241,Single,TX,2024-04-10 12:53:24.213453
24.0,21314.0,599.0,High School,Full-time,0.8,,1.0,0.361,Single,Other,2022-06-02 12:53:24.213453
53.0,100315.0,765.0,Some College,Full-time,23.3,40482.0,5.0,0.156,Married,Other,2022-02-26 12:53:24.213453
38.0,53031.0,677.0,Bachelor,Full-time,9.5,,3.0,0.277,Married,Other,2023-08-24 12:53:24.213453
36.0,60017.0,618.0,Bachelor,Unemployed,0.0,,3.0,0.293,Married,CA,2023-06-10 12:53:24.213453
53.0,86749.0,764.0,Some College,Full-time,27.3,18050.0,5.0,0.184,Single,MI,2023-05-31 12:53:24.213453
49.0,72616.0,734.0,Bachelor,Full-time,20.0,,4.0,0.239,Single,Other,2024-07-17 12:53:24.213453
37.0,67300.0,644.0,Bachelor,Full-time,12.5,32852.0,2.0,0.323,Married,Other,2024-01-11 12:53:24.213453
59.0,84376.0,750.0,Bachelor,Full-time,30.4,15805.0,4.0,0.238,Married,Other,2023-02-10 12:53:24.213453
26.0,55069.0,628.0,Bachelor,Full-time,5.6,11949.0,2.0,0.306,Single,Other,2023-11-26 12:53:24.213453
51.0,59310.0,704.0,Bachelor,Full-time,21.6,25056.0,3.0,0.295,Married,CA,2024-03-23 12:53:24.213453
51.0,,740.0,Some College,Full-time,25.4,10326.0,3.0,0.206,Single,Other,2024-05-30 12:53:24.213453
37.0,87584.0,738.0,High School,Part-time,10.9,32307.0,4.0,0.24,Single,Other,2023-12-05 12:53:24.213453
47.0,58495.0,728.0,Some College,Full-time,17.3,17270.0,3.0,0.298,Single,Other,2023-01-27 12:53:24.213453
23.0,27334.0,553.0,Some College,Full-time,2.2,11058.0,0.0,0.391,Single,PA,2023-12-15 12:53:24.213453
56.0,94709.0,777.0,Bachelor,Full-time,29.8,23650.0,6.0,0.18,Married,NY,2022-10-04 12:53:24.213453
39.0,64194.0,717.0,Bachelor,Full-time,18.8,21051.0,3.0,0.236,Married,GA,2023-07-19 12:53:24.213453
34.0,59259.0,669.0,Some College,Full-time,7.2,25390.0,3.0,,Married,TX,2022-12-10 12:53:24.213453
58.0,97338.0,800.0,High School,Full-time,30.2,59805.0,5.0,,Single,IL,2023-04-19 12:53:24.213453
31.0,59021.0,708.0,Some College,Full-time,6.4,16597.0,3.0,0.261,Single,Other,2024-06-17 12:53:24.213453
21.0,51145.0,641.0,Some College,Full-time,0.8,13949.0,2.0,,Single,CA,2023-09-04 12:53:24.213453
19.0,37647.0,,Bachelor,Full-time,,7876.0,,0.38,Single,TX,2024-06-19 12:53:24.213453
51.0,75881.0,756.0,High School,Full-time,20.7,25132.0,4.0,0.209,Married,TX,2023-08-01 12:53:24.213453
23.0,47589.0,617.0,Bachelor,Full-time,0.0,25275.0,2.0,0.372,Single,PA,2024-12-13 12:53:24.213453
68.0,133498.0,834.0,Master,Retired,0.0,61838.0,5.0,0.158,Married,Other,2023-05-10 12:53:24.213453
18.0,28010.0,567.0,High School,Full-time,0.0,12430.0,1.0,0.404,Single,TX,2024-12-11 12:53:24.213453
67.0,88882.0,833.0,Some College,Retired,0.0,45216.0,4.0,0.144,Divorced,TX,2023-06-16 12:53:24.213453
45.0,87106.0,694.0,High School,Part-time,20.5,24310.0,4.0,,Married,Other,2024-05-30 12:53:24.213453
41.0,62694.0,728.0,Bachelor,Full-time,16.4,7399.0,4.0,0.263,Married,Other,2024-01-16 12:53:24.213453
34.0,21410.0,634.0,Bachelor,Full-time,12.8,5662.0,0.0,0.401,Married,CA,2024-07-10 12:53:24.213453
48.0,87711.0,686.0,Some College,Full-time,21.6,,2.0,0.201,Married,Other,2023-06-15 12:53:24.213453
41.0,56470.0,686.0,Bachelor,Full-time,12.8,13013.0,3.0,0.281,Single,Other,2024-02-04 12:53:24.213453
59.0,90142.0,700.0,Master,Full-time,32.3,45738.0,2.0,,Married,Other,2023-09-15 12:53:24.213453
44.0,73980.0,721.0,High School,Full-time,16.4,25941.0,2.0,0.229,Single,NC,2023-03-13 12:53:24.213453
44.0,71857.0,726.0,High School,Full-time,19.4,27875.0,5.0,0.229,Married,Other,2024-01-03 12:53:24.213453
37.0,69142.0,658.0,Master,Full-time,15.1,34683.0,3.0,0.287,Married,CA,2022-11-12 12:53:24.213453
41.0,57968.0,681.0,Bachelor,Full-time,16.1,17476.0,4.0,0.33,Married,FL,2022-06-26 12:53:24.213453
47.0,81197.0,777.0,Master,Full-time,17.0,54493.0,3.0,0.218,Married,PA,2024-04-03 12:53:24.213453
18.0,26107.0,561.0,Bachelor,Full-time,0.0,9207.0,1.0,0.378,Single,OH,2023-02-18 12:53:24.213453
22.0,47082.0,577.0,Bachelor,Full-time,2.6,,2.0,0.345,Single,Other,2022-02-10 12:53:24.213453
53.0,91731.0,791.0,Some College,Full-time,24.5,36346.0,5.0,,Married,Other,2022-11-02 12:53:24.213453
45.0,56468.0,746.0,Bachelor,Full-time,18.6,15458.0,3.0,0.263,Single,CA,2024-07-04 12:53:24.213453
39.0,77790.0,691.0,Master,Full-time,15.1,36874.0,3.0,,Married,PA,2024-09-20 12:53:24.213453
42.0,57961.0,710.0,Bachelor,Full-time,17.4,23322.0,3.0,0.321,Divorced,OH,2022-11-29 12:53:24.213453
47.0,85621.0,763.0,High School,Full-time,20.6,16675.0,6.0,0.179,Married,Other,2022-08-22 12:53:24.213453
34.0,59509.0,635.0,Some College,Full-time,9.2,,3.0,0.294,Single,Other,2023-01-10 12:53:24.213453
30.0,75573.0,647.0,High School,Full-time,5.8,33468.0,3.0,0.285,Married,Other,2024-05-05 12:53:24.213453
45.0,67148.0,735.0,High School,Full-time,20.1,41996.0,2.0,0.212,Divorced,Other,2022-02-21 12:53:24.213453
27.0,38260.0,666.0,Some College,Full-time,5.1,15168.0,1.0,0.308,Married,Other,2024-05-18 12:53:24.213453
48.0,74709.0,732.0,Bachelor,Full-time,20.3,18714.0,2.0,0.24,Single,Other,2023-07-20 12:53:24.213453
18.0,25452.0,549.0,Bachelor,Full-time,0.0,10311.0,1.0,0.428,Married,FL,2024-10-07 12:53:24.213453
57.0,100499.0,827.0,Some College,Full-time,27.7,40543.0,7.0,,Married,Other,2022-10-20 12:53:24.213453
49.0,52255.0,,Bachelor,Part-time,19.9,14458.0,2.0,0.269,Single,Other,2023-09-06 12:53:24.213453
46.0,56195.0,680.0,High School,Full-time,17.7,16621.0,4.0,0.351,Divorced,Other,2024-11-08 12:53:24.213453
57.0,72483.0,750.0,High School,Full-time,26.0,24817.0,5.0,0.231,Married,Other,2023-02-17 12:53:24.213453
67.0,117755.0,850.0,High School,Full-time,35.5,73510.0,7.0,0.072,Married,Other,2024-08-04 12:53:24.213453
57.0,114159.0,807.0,Bachelor,Full-time,30.5,17239.0,7.0,,Married,Other,2023-02-26 12:53:24.213453
18.0,28433.0,591.0,High School,Part-time,0.0,8992.0,1.0,0.462,Married,Other,2024-07-07 12:53:24.213453
23.0,34968.0,614.0,Some College,Full-time,1.2,21889.0,1.0,0.373,Single,TX,2023-07-24 12:53:24.213453
33.0,53551.0,650.0,Some College,Full-time,7.5,10362.0,3.0,0.337,Single,NC,2023-08-19 12:53:24.213453
42.0,83428.0,722.0,Bachelor,Full-time,15.5,74652.0,3.0,0.191,Divorced,Other,2024-07-02 12:53:24.213453
50.0,64090.0,,High School,Full-time,19.4,32151.0,4.0,0.291,Single,NY,2022-09-15 12:53:24.213453
31.0,53076.0,633.0,Bachelor,Full-time,6.8,11750.0,3.0,0.36,Married,Other,2023-05-18 12:53:24.213453
45.0,85128.0,723.0,Bachelor,Full-time,18.0,33907.0,5.0,,Married,Other,2023-02-06 12:53:24.213453
31.0,57016.0,611.0,Bachelor,Full-time,8.3,15107.0,2.0,0.365,Single,Other,2022-03-08 12:53:24.213453
33.0,55344.0,662.0,Master,Full-time,9.2,13999.0,2.0,0.3,Single,Other,2023-12-22 12:53:24.213453
21.0,49516.0,602.0,High School,Full-time,0.0,,2.0,0.421,Married,FL,2024-05-23 12:53:24.213453
28.0,20000.0,653.0,High School,Unemployed,0.0,2798.0,1.0,0.448,Single,Other,2024-12-26 12:53:24.213453
22.0,46168.0,655.0,Master,Full-time,0.4,7094.0,2.0,0.354,Single,Other,2022-05-11 12:53:24.213453
27.0,33689.0,597.0,Some College,Full-time,4.4,14089.0,2.0,0.354,Married,NY,2023-11-19 12:53:24.213453
58.0,62541.0,728.0,Bachelor,Full-time,28.8,17559.0,3.0,0.221,Married,TX,2022-04-30 12:53:24.213453
28.0,52668.0,630.0,Bachelor,Full-time,,24441.0,,0.297,Married,Other,2024-11-25 12:53:24.213453
81.0,145105.0,850.0,Bachelor,Retired,0.0,52365.0,5.0,0.05,Married,Other,2024-07-23 12:53:24.213453
49.0,74438.0,723.0,Master,Full-time,22.6,19053.0,3.0,0.279,Married,Other,2022-05-05 12:53:24.213453
45.0,84793.0,693.0,PhD,Full-time,14.9,40575.0,5.0,0.21,Divorced,Other,2023-10-24 12:53:24.213453
29.0,70684.0,620.0,Bachelor,Full-time,4.5,28439.0,2.0,0.313,Married,FL,2022-06-02 12:53:24.213453
53.0,102224.0,776.0,Some College,Retired,,88653.0,,0.149,Single,IL,2023-01-31 12:53:24.213453
33.0,77099.0,691.0,Master,Full-time,9.3,22015.0,3.0,0.266,Divorced,PA,2023-12-22 12:53:24.213453
44.0,80132.0,684.0,High School,Full-time,20.0,15731.0,3.0,0.246,Married,Other,2022-12-21 12:53:24.213453
80.0,124132.0,850.0,High School,Retired,0.0,71501.0,8.0,0.05,Single,CA,2023-03-13 12:53:24.213453
41.0,40471.0,641.0,Master,Full-time,14.2,13313.0,2.0,0.31,Divorced,Other,2024-10-22 12:53:24.213453
59.0,87809.0,768.0,Some College,Full-time,28.6,18573.0,6.0,0.185,Married,Other,2023-07-03 12:53:24.213453
31.0,36851.0,650.0,High School,Full-time,5.6,15182.0,1.0,0.362,Single,Other,2024-07-14 12:53:24.213453
41.0,,715.0,High School,Full-time,14.5,38011.0,7.0,0.193,Single,GA,2022-04-17 12:53:24.213453
69.0,103862.0,821.0,Master,Retired,0.0,36735.0,7.0,0.102,Married,Other,2022-09-21 12:53:24.213453
33.0,,634.0,Bachelor,Retired,,25129.0,,0.309,Married,PA,2024-05-09 12:53:24.213453
69.0,114772.0,812.0,Bachelor,Full-time,38.5,32672.0,5.0,,Single,CA,2023-09-08 12:53:24.213453
53.0,83154.0,732.0,High School,Full-time,21.4,46936.0,5.0,0.225,Married,FL,2023-05-29 12:53:24.213453
34.0,79426.0,655.0,Bachelor,Full-time,8.5,34599.0,4.0,0.26,Single,Other,2022-10-28 12:53:24.213453
51.0,,714.0,Bachelor,Full-time,22.5,14343.0,3.0,0.225,Married,CA,2024-08-26 12:53:24.213453
57.0,91419.0,712.0,Some College,Full-time,31.3,43030.0,4.0,0.239,Single,Other,2023-05-14 12:53:24.213453
51.0,68363.0,,Some College,Full-time,22.7,20914.0,3.0,,Single,CA,2023-10-24 12:53:24.213453
18.0,,561.0,High School,Unemployed,0.0,,1.0,0.473,Single,NY,2023-07-31 12:53:24.213453
31.0,40323.0,622.0,PhD,Unemployed,0.0,11148.0,2.0,0.359,Married,CA,2024-01-19 12:53:24.213453
38.0,59444.0,662.0,Bachelor,Full-time,12.9,12401.0,3.0,0.378,Married,Other,2024-11-03 12:53:24.213453
41.0,58060.0,675.0,Master,Full-time,16.4,15173.0,3.0,0.326,Married,Other,2022-10-27 12:53:24.213453
51.0,69114.0,732.0,Some College,Full-time,24.0,22386.0,4.0,0.233,Married,Other,2023-09-27 12:53:24.213453
45.0,,707.0,Bachelor,Full-time,18.7,16177.0,2.0,0.276,Married,Other,2024-09-21 12:53:24.213453
22.0,34753.0,577.0,Bachelor,Full-time,2.3,16002.0,1.0,0.383,Married,Other,2023-02-12 12:53:24.213453
48.0,52429.0,656.0,Bachelor,Full-time,19.7,,3.0,0.314,Married,NC,2022-07-26 12:53:24.213453
51.0,90901.0,709.0,Master,Full-time,25.0,20986.0,4.0,0.196,Single,Other,2022-10-31 12:53:24.213453
50.0,79237.0,711.0,Some College,Full-time,19.1,29252.0,2.0,0.279,Married,Other,2023-10-29 12:53:24.213453
58.0,68137.0,728.0,High School,Full-time,27.0,12988.0,3.0,0.228,Married,NC,2022-02-26 12:53:24.213453
55.0,80862.0,719.0,Bachelor,Unemployed,0.0,39284.0,5.0,0.238,Married,Other,2023-08-29 12:53:24.213453
49.0,65218.0,669.0,Bachelor,Full-time,21.1,15301.0,3.0,0.32,Married,Other,2022-03-31 12:53:24.213453
41.0,69288.0,675.0,Bachelor,Full-time,15.1,19523.0,2.0,,Married,Other,2024-01-31 12:53:24.213453
18.0,50107.0,606.0,High School,Full-time,0.0,9356.0,3.0,0.352,Single,Other,2023-11-22 12:53:24.213453
48.0,46872.0,705.0,Bachelor,Full-time,20.9,8427.0,1.0,0.353,Married,TX,2022-10-27 12:53:24.213453
45.0,72225.0,687.0,Some College,Retired,0.0,40931.0,3.0,0.225,Divorced,Other,2022-10-02 12:53:24.213453
46.0,69598.0,691.0,Some College,Full-time,18.8,23289.0,5.0,0.245,Married,TX,2023-11-21 12:53:24.213453
23.0,47570.0,585.0,Bachelor,Full-time,0.0,11936.0,2.0,0.403,Single,Other,2022-04-25 12:53:24.213453
26.0,45198.0,618.0,Bachelor,Full-time,5.9,22653.0,2.0,0.307,Divorced,Other,2024-07-25 12:53:24.213453
58.0,78720.0,723.0,High School,Full-time,28.2,65826.0,3.0,0.265,Married,Other,2023-07-20 12:53:24.213453
41.0,59714.0,696.0,Some College,Full-time,14.2,19016.0,3.0,0.372,Married,CA,2022-04-29 12:53:24.213453
52.0,69060.0,667.0,Some College,Full-time,27.2,39359.0,3.0,,Divorced,CA,2023-08-02 12:53:24.213453
42.0,82140.0,693.0,High School,Full-time,13.5,43938.0,3.0,0.217,Married,CA,2024-06-02 12:53:24.213453
42.0,66320.0,697.0,Bachelor,Full-time,13.7,26492.0,4.0,0.315,Divorced,PA,2024-07-13 12:53:24.213453
56.0,115518.0,785.0,Master,Full-time,25.0,39242.0,5.0,,Single,Other,2023-06-21 12:53:24.213453
34.0,53090.0,732.0,Some College,Full-time,9.5,,2.0,0.269,Married,Other,2023-03-14 12:53:24.213453
43.0,56874.0,692.0,Bachelor,Full-time,17.7,11375.0,3.0,0.314,Single,Other,2023-07-08 12:53:24.213453
35.0,32794.0,604.0,Master,Full-time,11.9,20532.0,1.0,0.382,Married,Other,2023-09-29 12:53:24.213453
35.0,28453.0,627.0,Bachelor,Part-time,15.5,9005.0,1.0,0.36,Single,NY,2024-10-29 12:53:24.213453
37.0,34738.0,588.0,High School,Part-time,7.5,,1.0,0.379,Single,CA,2023-04-23 12:53:24.213453
45.0,74507.0,703.0,Master,Full-time,19.6,13678.0,5.0,0.216,Single,CA,2023-07-27 12:53:24.213453
35.0,63131.0,639.0,Some College,Full-time,9.3,,2.0,0.264,Married,Other,2024-09-05 12:53:24.213453
61.0,70782.0,777.0,Some College,Full-time,30.0,13572.0,3.0,0.227,Married,Other,2023-01-15 12:53:24.213453
29.0,59926.0,626.0,High School,Full-time,4.4,34154.0,3.0,0.306,Single,Other,2024-05-31 12:53:24.213453
39.0,54254.0,664.0,Some College,Full-time,11.8,19496.0,2.0,0.273,Married,IL,2022-12-24 12:53:24.213453
35.0,57702.0,640.0,High School,Full-time,13.8,27653.0,2.0,0.294,Single,PA,2024-12-24 12:53:24.213453
64.0,123183.0,850.0,High School,Full-time,35.3,39332.0,7.0,0.05,Divorced,Other,2023-10-15 12:53:24.213453
45.0,83953.0,705.0,Some College,Full-time,18.4,38506.0,5.0,0.266,Married,CA,2023-06-02 12:53:24.213453
57.0,84472.0,,Bachelor,Part-time,30.7,20809.0,6.0,0.145,Married,Other,2023-06-01 12:53:24.213453
20.0,20000.0,600.0,Master,Full-time,0.0,,1.0,0.439,Married,NY,2022-06-24 12:53:24.213453
46.0,39723.0,688.0,Some College,Full-time,16.5,9027.0,2.0,0.316,Married,CA,2024-02-25 12:53:24.213453
55.0,74713.0,747.0,Master,Full-time,22.0,36408.0,4.0,0.225,Married,Other,2022-06-25 12:53:24.213453
43.0,64333.0,701.0,Master,Full-time,15.4,17254.0,3.0,0.286,Married,NY,2024-11-16 12:53:24.213453
58.0,75192.0,687.0,Bachelor,Unemployed,0.0,36258.0,4.0,0.242,Divorced,Other,2024-05-07 12:53:24.213453
34.0,52031.0,642.0,High School,Full-time,9.8,6290.0,3.0,,Single,Other,2023-10-19 12:53:24.213453
63.0,98653.0,809.0,Bachelor,Full-time,33.1,64693.0,4.0,0.138,Divorced,MI,2023-07-18 12:53:24.213453
76.0,113627.0,836.0,Master,Full-time,40.0,36808.0,5.0,,Married,Other,2023-10-22 12:53:24.213453
37.0,48750.0,614.0,Bachelor,Full-time,13.6,23037.0,3.0,,Married,Other,2024-06-29 12:53:24.213453
35.0,,657.0,Some College,Full-time,10.9,7021.0,2.0,0.326,Married,NY,2023-03-21 12:53:24.213453
64.0,105629.0,845.0,Bachelor,Full-time,35.1,15907.0,5.0,0.078,Married,Other,2022-10-14 12:53:24.213453
66.0,85644.0,817.0,Bachelor,Retired,0.0,76612.0,4.0,0.166,Single,Other,2022-04-27 12:53:24.213453
34.0,75164.0,671.0,Bachelor,Full-time,10.2,20909.0,2.0,0.253,Single,CA,2024-07-23 12:53:24.213453
36.0,55521.0,688.0,High School,Full-time,8.8,35034.0,2.0,0.283,Divorced,Other,2023-08-23 12:53:24.213453
38.0,60283.0,659.0,Some College,Full-time,12.0,14305.0,3.0,0.315,Married,Other,2024-02-11 12:53:24.213453
22.0,46623.0,558.0,Bachelor,Full-time,1.1,17500.0,2.0,0.416,Single,Other,2022-05-18 12:53:24.213453
28.0,48498.0,601.0,Master,Full-time,5.0,17201.0,2.0,0.305,Married,Other,2024-12-08 12:53:24.213453
27.0,57797.0,682.0,High School,Full-time,2.3,14028.0,3.0,0.301,Married,OH,2022-07-09 12:53:24.213453
30.0,52307.0,630.0,Master,Full-time,6.4,17751.0,2.0,0.356,Single,NC,2022-05-10 12:53:24.213453
41.0,55313.0,667.0,Some College,Full-time,12.1,11010.0,4.0,0.277,Married,PA,2022-10-22 12:53:24.213453
46.0,77423.0,702.0,Bachelor,Full-time,21.5,53894.0,3.0,,Married,OH,2024-02-19 12:53:24.213453
65.0,83344.0,,Bachelor,Full-time,34.0,31158.0,4.0,0.152,Single,Other,2025-01-07 12:53:24.213453
27.0,45128.0,671.0,Bachelor,Full-time,6.2,15318.0,2.0,0.366,Divorced,Other,2023-12-08 12:53:24.213453
57.0,88002.0,822.0,Master,Full-time,26.9,17242.0,5.0,0.148,Single,TX,2024-04-08 12:53:24.213453
39.0,58378.0,,Some College,Full-time,12.6,24057.0,2.0,0.311,Married,Other,2025-01-17 12:53:24.213453
41.0,62572.0,690.0,Master,Full-time,13.7,11971.0,3.0,0.283,Single,Other,2022-08-01 12:53:24.213453
52.0,52772.0,659.0,High School,Full-time,25.8,10458.0,2.0,0.328,Married,Other,2023-11-20 12:53:24.213453
25.0,32269.0,648.0,Bachelor,Full-time,1.0,7767.0,1.0,0.38,Single,Other,2023-09-30 12:53:24.213453
48.0,76393.0,681.0,Bachelor,Full-time,22.1,,4.0,0.261,Married,Other,2023-11-04 12:53:24.213453
44.0,71398.0,706.0,Bachelor,Full-time,16.8,13592.0,3.0,,Married,IL,2023-01-12 12:53:24.213453
49.0,,671.0,Some College,Full-time,17.6,22914.0,2.0,0.324,Single,IL,2024-04-21 12:53:24.213453
46.0,90986.0,707.0,Master,Full-time,18.1,35787.0,5.0,,Married,Other,2024-04-10 12:53:24.213453
79.0,108507.0,816.0,High School,Retired,0.0,,5.0,,Married,NC,2024-12-19 12:53:24.213453
32.0,65542.0,639.0,High School,Full-time,8.1,29758.0,3.0,0.266,Divorced,Other,2022-06-25 12:53:24.213453
34.0,60408.0,642.0,Bachelor,Full-time,7.2,29765.0,2.0,0.325,Married,Other,2023-06-17 12:53:24.213453
33.0,42807.0,621.0,Some College,Full-time,10.7,22307.0,2.0,0.334,Single,Other,2024-04-08 12:53:24.213453
34.0,80630.0,704.0,Bachelor,Full-time,9.4,45734.0,3.0,0.269,Single,FL,2024-09-24 12:53:24.213453
32.0,33095.0,592.0,Some College,Full-time,7.6,10233.0,2.0,0.362,Married,TX,2023-05-16 12:53:24.213453
60.0,106787.0,789.0,High School,Full-time,31.7,28522.0,8.0,,Married,NY,2023-12-21 12:53:24.213453
63.0,112509.0,834.0,Bachelor,Full-time,34.7,38405.0,7.0,0.115,Married,NC,2022-01-31 12:53:24.213453
33.0,42441.0,622.0,Bachelor,Part-time,8.8,16852.0,3.0,0.403,Married,IL,2022-05-20 12:53:24.213453
30.0,68887.0,633.0,High School,Retired,0.0,35353.0,3.0,0.356,Married,Other,2024-07-12 12:53:24.213453
49.0,72749.0,,Bachelor,Full-time,18.1,11528.0,3.0,0.248,Divorced,CA,2025-01-22 12:53:24.213453
34.0,58330.0,692.0,Bachelor,Full-time,8.2,24323.0,3.0,0.283,Divorced,NC,2024-02-25 12:53:24.213453
51.0,83405.0,738.0,Bachelor,Full-time,22.0,26385.0,6.0,0.228,Divorced,IL,2022-03-24 12:53:24.213453
45.0,68485.0,684.0,Some College,Full-time,18.6,23349.0,2.0,0.274,Divorced,MI,2022-10-19 12:53:24.213453
19.0,43662.0,611.0,Bachelor,Full-time,0.0,,1.0,0.36,Married,OH,2024-07-04 12:53:24.213453
65.0,,770.0,Bachelor,Retired,0.0,27616.0,6.0,0.173,Single,NY,2022-09-21 12:53:24.213453
69.0,80272.0,804.0,Bachelor,Retired,0.0,31158.0,4.0,0.224,Married,Other,2022-04-13 12:53:24.213453
33.0,72065.0,679.0,High School,Full-time,8.7,29991.0,1.0,0.236,Married,TX,2024-09-07 12:53:24.213453
36.0,32063.0,627.0,Bachelor,Full-time,13.6,,1.0,0.416,Divorced,Other,2023-05-29 12:53:24.213453
46.0,87488.0,696.0,Bachelor,Full-time,19.9,24416.0,4.0,0.183,Married,Other,2024-11-25 12:53:24.213453
47.0,90401.0,701.0,Bachelor,Full-time,19.9,27673.0,4.0,,Single,MI,2024-06-25 12:53:24.213453
52.0,64636.0,733.0,Some College,Part-time,22.8,9203.0,3.0,,Married,Other,2024-06-07 12:53:24.213453
72.0,104838.0,850.0,Master,Part-time,38.7,24886.0,8.0,0.087,Married,TX,2022-06-16 12:53:24.213453
39.0,44914.0,639.0,Bachelor,Full-time,11.9,7783.0,2.0,0.35,Single,NC,2024-03-19 12:53:24.213453
30.0,44776.0,645.0,High School,Full-time,5.3,22814.0,2.0,0.373,Single,GA,2023-10-20 12:53:24.213453
21.0,,526.0,Some College,Unemployed,0.0,,1.0,0.471,Single,CA,2023-08-08 12:53:24.213453
31.0,61195.0,,Master,Full-time,6.8,23666.0,3.0,0.313,Single,OH,2024-02-12 12:53:24.213453
42.0,85655.0,,High School,Full-time,13.3,30020.0,4.0,0.232,Married,IL,2023-08-23 12:53:24.213453
69.0,127435.0,803.0,Master,Full-time,40.0,41588.0,4.0,0.158,Single,Other,2023-03-16 12:53:24.213453
34.0,45567.0,615.0,Bachelor,Full-time,10.2,,1.0,0.328,Divorced,Other,2024-12-25 12:53:24.213453
45.0,67362.0,678.0,Bachelor,Full-time,15.6,19755.0,3.0,0.284,Married,CA,2022-09-17 12:53:24.213453
42.0,40748.0,,Some College,Full-time,15.1,23529.0,2.0,0.317,Single,NY,2022-10-19 12:53:24.213453
60.0,80912.0,751.0,High School,Full-time,30.6,40634.0,4.0,0.231,Married,OH,2024-07-10 12:53:24.213453
80.0,137473.0,806.0,Master,Retired,0.0,86147.0,8.0,,Married,GA,2023-04-23 12:53:24.213453
34.0,78234.0,613.0,Some College,Full-time,7.4,51780.0,5.0,0.273,Single,Other,2022-08-04 12:53:24.213453
35.0,36985.0,620.0,Bachelor,Full-time,12.4,12532.0,1.0,,Married,OH,2023-01-17 12:53:24.213453
58.0,81113.0,765.0,Some College,Full-time,31.6,39648.0,6.0,,Married,CA,2023-02-18 12:53:24.213453
52.0,80604.0,,High School,Full-time,22.7,23922.0,2.0,0.246,Married,Other,2024-12-25 12:53:24.213453
70.0,112202.0,,High School,Retired,0.0,41323.0,6.0,,Married,Other,2022-12-22 12:53:24.213453
51.0,67356.0,701.0,Bachelor,Full-time,21.1,25714.0,3.0,0.284,Married,NC,2023-05-10 12:53:24.213453
37.0,,,PhD,Full-time,11.6,31761.0,3.0,0.253,Single,Other,2023-05-11 12:53:24.213453
51.0,72392.0,710.0,Some College,Full-time,23.1,40846.0,4.0,0.251,Divorced,TX,2022-07-11 12:53:24.213453
59.0,91283.0,776.0,Some College,Full-time,30.9,31606.0,4.0,,Single,FL,2023-08-09 12:53:24.213453
54.0,92194.0,754.0,Some College,Full-time,27.8,35393.0,2.0,0.214,Married,FL,2022-11-26 12:53:24.213453
50.0,78096.0,660.0,Bachelor,Full-time,20.9,25950.0,2.0,0.29,Single,OH,2023-01-21 12:53:24.213453
58.0,83454.0,777.0,Some College,Full-time,24.9,31627.0,5.0,0.206,Married,Other,2023-08-17 12:53:24.213453
60.0,91356.0,774.0,Master,Full-time,30.4,33132.0,3.0,0.184,Married,MI,2024-04-02 12:53:24.213453
63.0,96175.0,796.0,Bachelor,Full-time,33.4,43752.0,6.0,,Single,TX,2024-11-18 12:53:24.213453
52.0,75450.0,845.0,Bachelor,Full-time,24.5,17791.0,4.0,,Married,FL,2023-09-08 12:53:24.213453
39.0,57618.0,608.0,High School,Retired,0.0,,2.0,0.372,Single,PA,2024-02-19 12:53:24.213453
44.0,92980.0,773.0,PhD,Full-time,17.8,,5.0,,Married,Other,2022-06-19 12:53:24.213453
60.0,101414.0,769.0,High School,Full-time,33.4,43492.0,6.0,0.133,Married,OH,2022-09-22 12:53:24.213453
30.0,43568.0,638.0,High School,Full-time,7.2,12793.0,1.0,0.347,Single,PA,2024-11-22 12:53:24.213453
48.0,85454.0,724.0,Bachelor,Full-time,20.1,58454.0,4.0,0.238,Divorced,Other,2022-10-13 12:53:24.213453
36.0,51993.0,643.0,Bachelor,Full-time,10.2,7037.0,2.0,0.344,Single,FL,2023-02-05 12:53:24.213453
42.0,83597.0,689.0,Some College,Unemployed,0.0,29829.0,4.0,0.247,Single,CA,2022-11-04 12:53:24.213453
61.0,100045.0,789.0,Some College,Full-time,34.5,34300.0,6.0,0.141,Married,CA,2023-06-30 12:53:24.213453
45.0,68890.0,654.0,Bachelor,Part-time,,37931.0,,0.288,Married,FL,2024-07-22 12:53:24.213453
43.0,74216.0,722.0,High School,Full-time,16.8,22354.0,4.0,0.243,Married,CA,2022-10-27 12:53:24.213453
22.0,,570.0,Bachelor,Full-time,0.0,6841.0,1.0,0.412,Single,NY,2023-05-21 12:53:24.213453
53.0,,687.0,Bachelor,Unemployed,0.0,24777.0,3.0,0.231,Married,Other,2024-08-15 12:53:24.213453
52.0,63091.0,702.0,Some College,Full-time,27.9,13539.0,3.0,0.246,Married,Other,2022-04-04 12:53:24.213453
74.0,116144.0,850.0,Some College,Retired,0.0,45971.0,6.0,0.102,Single,Other,2023-05-05 12:53:24.213453
37.0,84488.0,675.0,Some College,Full-time,12.2,31380.0,3.0,0.236,Married,Other,2024-12-05 12:53:24.213453
45.0,103970.0,746.0,Bachelor,Unemployed,0.0,60478.0,5.0,,Married,NY,2023-08-17 12:53:24.213453
46.0,81571.0,694.0,Bachelor,Full-time,14.4,64037.0,3.0,,Married,Other,2024-12-08 12:53:24.213453
66.0,109513.0,826.0,Some College,Unemployed,0.0,63194.0,3.0,,Single,PA,2024-07-26 12:53:24.213453
41.0,,677.0,Bachelor,Full-time,,12227.0,,0.309,Married,PA,2022-05-03 12:53:24.213453
46.0,63860.0,753.0,PhD,Full-time,20.1,13293.0,4.0,0.211,Single,PA,2024-03-13 12:53:24.213453
51.0,67683.0,711.0,Some College,Full-time,21.8,17777.0,3.0,0.282,Married,CA,2024-04-19 12:53:24.213453
45.0,61187.0,712.0,Master,Full-time,17.6,16915.0,2.0,0.25,Married,Other,2024-12-06 12:53:24.213453
35.0,,657.0,Some College,Full-time,9.6,10855.0,2.0,,Married,TX,2024-05-19 12:53:24.213453
45.0,63419.0,733.0,High School,Full-time,20.4,35069.0,4.0,0.258,Married,IL,2023-06-02 12:53:24.213453
58.0,60311.0,709.0,High School,Full-time,28.0,29864.0,3.0,0.268,Divorced,NY,2024-11-29 12:53:24.213453
27.0,54719.0,654.0,Some College,Full-time,8.2,19168.0,2.0,0.355,Married,CA,2024-02-18 12:53:24.213453
44.0,52909.0,675.0,High School,Full-time,18.5,17797.0,4.0,0.322,Married,TX,2023-07-12 12:53:24.213453
31.0,53089.0,640.0,High School,Full-time,4.6,24473.0,2.0,0.332,Single,CA,2023-08-07 12:53:24.213453
60.0,124111.0,803.0,Master,Full-time,30.1,49687.0,5.0,0.068,Married,NY,2023-06-29 12:53:24.213453
19.0,20000.0,581.0,Bachelor,Full-time,0.0,6280.0,1.0,0.478,Single,Other,2023-02-11 12:53:24.213453
34.0,20000.0,615.0,Bachelor,Full-time,5.2,6377.0,1.0,0.44,Single,IL,2023-05-29 12:53:24.213453
48.0,70710.0,717.0,High School,Unemployed,0.0,,2.0,0.338,Divorced,TX,2023-04-27 12:53:24.213453
65.0,117014.0,850.0,High School,Retired,0.0,29663.0,7.0,,Divorced,Other,2024-03-27 12:53:24.213453
41.0,93875.0,742.0,High School,Full-time,16.3,51008.0,6.0,0.192,Married,Other,2024-12-29 12:53:24.213453
34.0,35557.0,660.0,Bachelor,Full-time,9.9,15124.0,1.0,0.334,Married,FL,2022-11-28 12:53:24.213453
70.0,115450.0,808.0,Master,Retired,,76850.0,,0.143,Married,NY,2025-01-20 12:53:24.213453
20.0,,555.0,Some College,Part-time,0.0,,1.0,0.457,Single,Other,2024-10-25 12:53:24.213453
18.0,28411.0,607.0,High School,Part-time,,5809.0,,0.352,Single,TX,2022-02-17 12:53:24.213453
49.0,116165.0,785.0,Bachelor,Full-time,19.5,48206.0,5.0,0.125,Married,NC,2023-03-04 12:53:24.213453
34.0,31455.0,674.0,Some College,Full-time,4.5,7410.0,1.0,0.312,Married,FL,2024-11-02 12:53:24.213453
27.0,47306.0,606.0,Some College,Full-time,3.5,10907.0,3.0,0.354,Married,Other,2023-09-16 12:53:24.213453
53.0,,738.0,Bachelor,Full-time,24.5,57715.0,4.0,0.242,Single,Other,2022-08-07 12:53:24.213453
46.0,88287.0,673.0,Bachelor,Part-time,19.5,49290.0,3.0,0.272,Married,Other,2022-05-14 12:53:24.213453
34.0,55470.0,642.0,High School,Full-time,11.1,19491.0,2.0,0.275,Married,NY,2022-03-04 12:53:24.213453
23.0,42121.0,637.0,High School,Full-time,2.1,,2.0,0.36,Single,PA,2024-02-18 12:53:24.213453
55.0,,727.0,PhD,Retired,0.0,30195.0,4.0,0.195,Divorced,FL,2023-02-08 12:53:24.213453
52.0,85037.0,756.0,High School,Full-time,26.4,39355.0,2.0,0.178,Divorced,Other,2024-12-01 12:53:24.213453
41.0,59352.0,673.0,High School,Full-time,12.2,,2.0,0.31,Single,Other,2024-02-10 12:53:24.213453
70.0,117324.0,833.0,High School,Retired,0.0,13375.0,8.0,0.097,Single,OH,2024-07-08 12:53:24.213453
26.0,36456.0,576.0,High School,Retired,0.0,,2.0,0.362,Single,Other,2023-05-01 12:53:24.213453
19.0,37157.0,593.0,Some College,Unemployed,0.0,10211.0,1.0,0.389,Single,TX,2022-10-06 12:53:24.213453
32.0,50561.0,553.0,Bachelor,Full-time,5.0,15896.0,2.0,0.384,Single,OH,2023-04-23 12:53:24.213453
41.0,81391.0,695.0,Some College,Full-time,13.7,,5.0,0.21,Married,Other,2024-11-13 12:53:24.213453
46.0,,656.0,Some College,Full-time,17.9,41492.0,3.0,0.294,Married,PA,2024-10-06 12:53:24.213453
38.0,33405.0,680.0,Bachelor,Full-time,14.3,9090.0,2.0,0.352,Married,IL,2024-11-23 12:53:24.213453
47.0,92429.0,753.0,Bachelor,Full-time,18.8,34098.0,7.0,,Married,CA,2022-07-22 12:53:24.213453
23.0,23914.0,603.0,Master,Unemployed,0.0,,1.0,,Single,Other,2023-02-05 12:53:24.213453
64.0,89194.0,823.0,Master,Full-time,32.4,24254.0,6.0,0.162,Married,Other,2024-03-31 12:53:24.213453
41.0,55565.0,646.0,High School,Full-time,17.4,31327.0,4.0,0.343,Single,Other,2024-02-18 12:53:24.213453
59.0,112117.0,838.0,Bachelor,Full-time,29.6,19814.0,7.0,,Married,Other,2024-03-27 12:53:24.213453
47.0,41465.0,706.0,Some College,Full-time,19.6,14335.0,2.0,0.31,Married,Other,2024-05-19 12:53:24.213453
49.0,123566.0,759.0,PhD,Full-time,21.4,42593.0,7.0,,Married,FL,2023-03-06 12:53:24.213453
51.0,95341.0,778.0,Some College,Full-time,25.8,45070.0,7.0,,Divorced,Other,2025-01-16 12:53:24.213453
49.0,79849.0,690.0,PhD,Unemployed,0.0,16901.0,3.0,0.253,Divorced,Other,2023-08-01 12:53:24.213453
52.0,80177.0,707.0,Bachelor,Unemployed,0.0,45362.0,4.0,0.278,Married,Other,2023-03-14 12:53:24.213453
62.0,100283.0,764.0,High School,Full-time,32.4,50429.0,5.0,,Married,Other,2023-11-02 12:53:24.213453
45.0,78317.0,693.0,Bachelor,Part-time,18.1,27501.0,3.0,0.222,Married,Other,2022-04-04 12:53:24.213453
53.0,92178.0,715.0,PhD,Full-time,29.8,29300.0,5.0,0.213,Married,CA,2023-08-27 12:53:24.213453
41.0,72834.0,729.0,Master,Full-time,13.1,33651.0,3.0,0.235,Single,FL,2023-03-26 12:53:24.213453
64.0,100344.0,781.0,High School,Full-time,32.9,,6.0,,Married,Other,2022-06-25 12:53:24.213453
32.0,48040.0,651.0,Bachelor,Full-time,5.5,25467.0,3.0,0.319,Single,Other,2022-02-16 12:53:24.213453
69.0,104231.0,790.0,Some College,Retired,0.0,28190.0,4.0,0.163,Married,Other,2022-05-08 12:53:24.213453
41.0,61576.0,626.0,High School,Full-time,18.6,15309.0,3.0,0.317,Married,PA,2023-04-27 12:53:24.213453
21.0,51507.0,,Some College,Part-time,2.5,12759.0,2.0,0.359,Married,IL,2024-10-01 12:53:24.213453
44.0,77903.0,649.0,High School,Full-time,20.0,42510.0,4.0,0.269,Married,Other,2024-07-16 12:53:24.213453
32.0,20000.0,610.0,Bachelor,Full-time,7.6,,1.0,0.358,Divorced,Other,2024-11-11 12:53:24.213453
55.0,95339.0,715.0,Some College,Full-time,25.7,,3.0,,Single,Other,2023-05-24 12:53:24.213453
32.0,53921.0,706.0,Bachelor,Full-time,4.7,26089.0,3.0,0.278,Single,NY,2022-08-19 12:53:24.213453
35.0,55219.0,684.0,High School,Full-time,14.5,27459.0,4.0,0.387,Married,Other,2022-07-28 12:53:24.213453
18.0,24172.0,577.0,Some College,Full-time,0.0,,1.0,,Single,Other,2023-06-22 12:53:24.213453
35.0,72362.0,711.0,High School,Full-time,9.4,14102.0,4.0,0.246,Single,Other,2023-04-28 12:53:24.213453
18.0,44213.0,569.0,High School,Full-time,0.0,37003.0,2.0,0.392,Single,FL,2022-10-27 12:53:24.213453
18.0,20000.0,586.0,High School,Part-time,0.0,,1.0,0.393,Single,IL,2023-05-31 12:53:24.213453
53.0,88606.0,,High School,Full-time,25.6,40629.0,2.0,,Married,Other,2023-08-31 12:53:24.213453
54.0,69425.0,735.0,Bachelor,Full-time,25.3,22621.0,3.0,0.243,Married,CA,2023-01-03 12:53:24.213453
48.0,54306.0,732.0,Some College,Full-time,22.1,13700.0,2.0,0.36,Married,NC,2024-06-09 12:53:24.213453
27.0,,633.0,Some College,Full-time,3.9,14610.0,1.0,0.337,Single,GA,2024-02-26 12:53:24.213453
41.0,77436.0,705.0,Some College,Unemployed,,16995.0,,0.277,Divorced,Other,2024-02-26 12:53:24.213453
42.0,80297.0,653.0,Master,Full-time,16.2,37955.0,4.0,,Married,NY,2023-09-06 12:53:24.213453
25.0,48196.0,590.0,Master,Full-time,4.5,33047.0,2.0,0.34,Married,FL,2025-01-07 12:53:24.213453
65.0,111376.0,799.0,Some College,Retired,0.0,33754.0,4.0,0.177,Married,Other,2023-01-11 12:53:24.213453
55.0,93243.0,757.0,Some College,Full-time,28.0,26789.0,5.0,,Divorced,Other,2024-01-02 12:53:24.213453
39.0,51878.0,631.0,High School,Full-time,11.5,12119.0,3.0,0.36,Married,CA,2022-11-19 12:53:24.213453
42.0,72479.0,767.0,Master,Full-time,15.9,21245.0,3.0,0.239,Married,TX,2024-04-05 12:53:24.213453
45.0,82506.0,759.0,High School,Retired,0.0,26391.0,2.0,0.227,Married,Other,2024-11-17 12:53:24.213453
18.0,41314.0,609.0,Some College,Unemployed,0.0,23111.0,3.0,0.349,Single,TX,2022-04-17 12:53:24.213453
38.0,77834.0,690.0,Some College,Full-time,12.9,33627.0,4.0,0.284,Married,Other,2024-04-26 12:53:24.213453
32.0,61625.0,647.0,Some College,Full-time,9.4,32994.0,3.0,0.344,Single,OH,2024-07-14 12:53:24.213453
27.0,48772.0,597.0,High School,Full-time,6.2,14439.0,3.0,0.342,Married,Other,2023-11-12 12:53:24.213453
38.0,76052.0,688.0,Bachelor,Retired,0.0,31484.0,4.0,0.285,Single,Other,2023-07-31 12:53:24.213453
69.0,106102.0,817.0,High School,Retired,0.0,,8.0,,Divorced,Other,2023-02-28 12:53:24.213453
52.0,67772.0,,Bachelor,Full-time,22.0,9377.0,4.0,0.28,Divorced,CA,2022-12-21 12:53:24.213453
33.0,50054.0,655.0,High School,Full-time,8.8,7205.0,1.0,0.304,Married,Other,2022-06-30 12:53:24.213453
51.0,68326.0,713.0,High School,Full-time,22.1,10221.0,4.0,0.237,Married,OH,2024-06-27 12:53:24.213453
